TK_Nr;DZ_Nr;DZ_Name;Land_Nr;Land_Code;Str_Kl;Str_Nr;Str_Zus;Erf_Art;Fernziel_Ri1;Nahziel_Ri1;Hi_Ri1;Fernziel_Ri2;Nahziel_Ri2;Hi_Ri2;Anz_Fs_Q;Betriebs_km;vT_MobisSo;vT_W;vT_U;vT_S;DTV_Kfz_MobisSo_Q;DTV_Kfz_MobisSo_Ri1;DTV_Kfz_MobisSo_Ri2;DTV_Kfz_W_Q;DTV_Kfz_W_Ri1;DTV_Kfz_W_Ri2;DTV_Kfz_U_Q;DTV_Kfz_U_Ri1;DTV_Kfz_U_Ri2;DTV_Kfz_S_Q;DTV_Kfz_S_Ri1;DTV_Kfz_S_Ri2;Entw_Kfz_MobisSo_Q;Entw_Kfz_W_Q;Entw_Kfz_U_Q;Entw_Kfz_S_Q;DTV_SV_MobisSo_Q;DTV_SV_MobisSo_Ri1;DTV_SV_MobisSo_Ri2;DTV_SV_W_Q;DTV_SV_W_Ri1;DTV_SV_W_Ri2;DTV_SV_U_Q;DTV_SV_U_Ri1;DTV_SV_U_Ri2;DTV_SV_S_Q;DTV_SV_S_Ri1;DTV_SV_S_Ri2;Entw_SV_MobisSo_Q;Entw_SV_W_Q;Entw_SV_U_Q;Entw_SV_S_Q;pSV_MobisSo_Q;pSV_W_Q;pSV_U_Q;pSV_S_Q;fer;bSo;bFr;Mt;pMt;Mn;pMn;Md;pMd;Me;pMe;MSV30_Kfz_MobisSo_Q;MSV30_Kfz_W_Q;MSV30_Kfz_U_Q;MSV30_Kfz_S_Q;MSV30maxRi_Kfz_MobisSo;MSV30maxRi_Kfz_W;MSV30maxRi_Kfz_U;MSV30maxRi_Kfz_S;pMSV30maxRi_Kfz_MobisSo;pMSV30maxRi_Kfz_W;pMSV30maxRi_Kfz_U;pMSV30maxRi_Kfz_S;Ri_MSV30maxRi_Kfz_MobisSo;Ri_MSV30maxRi_Kfz_W;Ri_MSV30maxRi_Kfz_U;Ri_MSV30maxRi_Kfz_S;DL_Q;DL_Ri1;DL_Ri2;JG;WG_Ri1;WG_Ri2;TG_Mo_Ri1;TGMax1_Mo_Ri1;TGMax2_Mo_Ri1;TG_Mo_Ri2;TGMax1_Mo_Ri2;TGMax2_Mo_Ri2;TG_DiMiDo_Ri1;TGMax1_DiMiDo_Ri1;TGMax2_DiMiDo_Ri1;TG_DiMiDo_Ri2;TGMax1_DiMiDo_Ri2;TGMax2_DiMiDo_Ri2;TG_Fr_Ri1;TGMax1_Fr_Ri1;TGMax2_Fr_Ri1;TG_Fr_Ri2;TGMax1_Fr_Ri2;TGMax2_Fr_Ri2;TG_Sa_Ri1;TGMax1_Sa_Ri1;TGMax2_Sa_Ri1;TG_Sa_Ri2;TGMax1_Sa_Ri2;TGMax2_Sa_Ri2;TG_SoFei_Ri1;TGMax1_SoFei_Ri1;TGMax2_SoFei_Ri1;TG_SoFei_Ri2;TGMax1_SoFei_Ri2;TGMax2_SoFei_Ri2;pPLZ_MobisSo_Q;pLfw_MobisSo_Q;pMot_MobisSo_Q;pPmA_MobisSo_Q;pLoA_MobisSo_Q;pLzg_MobisSo_Q;pSat_MobisSo_Q;pBus_MobisSo_Q;pSon_MobisSo_Q;pPLZ_W_Q;pLfw_W_Q;pMot_W_Q;pPmA_W_Q;pLoA_W_Q;pLzg_W_Q;pSat_W_Q;pBus_W_Q;pSon_W_Q;pPLZ_U_Q;pLfw_U_Q;pMot_U_Q;pPmA_U_Q;pLoA_U_Q;pLzg_U_Q;pSat_U_Q;pBus_U_Q;pSon_U_Q;pPLZ_S_Q;pLfw_S_Q;pMot_S_Q;pPmA_S_Q;pLoA_S_Q;pLzg_S_Q;pSat_S_Q;pBus_S_Q;pSon_S_Q;Koor_UTM32_E;Koor_UTM32_N;DTV_Kfz_WU_MobisFr_Q;DTV_Kfz_WU_MobisFr_Ri1;DTV_Kfz_WU_MobisFr_Ri2;DTV_SV_WU_MobisFr_Q;DTV_SV_WU_MobisFr_Ri1;DTV_SV_WU_MobisFr_Ri2;DTV_Kfz_WU_Sa_Q;DTV_Kfz_WU_Sa_Ri1;DTV_Kfz_WU_Sa_Ri2;DTV_SV_WU_Sa_Q;DTV_SV_WU_Sa_Ri1;DTV_SV_WU_Sa_Ri2;MSV30_Kfz_MobisSo_Ri1;MSV30_Kfz_MobisSo_Ri2;MSV30_Kfz_W_Ri1;MSV30_Kfz_W_Ri2;MSV30_Kfz_U_Ri1;MSV30_Kfz_U_Ri2;MSV30_Kfz_S_Ri1;MSV30_Kfz_S_Ri2;bSV30_MobisSo_Ri1;bSV30_MobisSo_Ri2;bSV30_W_Ri1;bSV30_W_Ri2;bSV30_U_Ri1;bSV30_U_Ri2;bSV30_S_Ri1;bSV30_S_Ri2;DTV_Kfz_W_MobisFr_Q;DTV_Kfz_W_MobisFr_Ri1;DTV_Kfz_W_MobisFr_Ri2;DTV_SV_W_MobisFr_Q;DTV_SV_W_MobisFr_Ri1;DTV_SV_W_MobisFr_Ri2;pSV_W_MobisFr_Q;pSV_W_MobisFr_Ri1;pSV_W_MobisFr_Ri2;Koor_WGS84_N;Koor_WGS84_E;MSV50_Kfz_MobisSo_Ri1;MSV50_Kfz_MobisSo_Ri2;pMSV50_Kfz_MobisSo_Ri1;pMSV50_Kfz_MobisSo_Ri2;bSV50_MobisSo_Ri1;bSV50_MobisSo_Ri2;bLkwK50_MobisSo_Ri1;bLkwK50_MobisSo_Ri2;pMSV50_Kfz_W_MobisFr_Ri1;pMSV50_Kfz_W_MobisFr_Ri2;DTV_Kfz_NZB_DiMiDo_Ri1;DTV_Kfz_NZB_DiMiDo_Ri2;bSo_Ri1;bSo_Ri2;bMo_Ri1;bMo_Ri2;bFr_Ri1;bFr_Ri2;bSa_Ri1;bSa_Ri2;Q_P_D;Q_L1_D;Q_L2_D;Q_K_D;Q_P_E;Q_L1_E;Q_L2_E;Q_K_E;Q_P_N;Q_L1_N;Q_L2_N;Q_K_N;Geo_Sequ;Abschnitt_Ast;Station;Ausrichtung;Maut_SID_Ri1;Maut_SID_Ri2;Anz_Fs_Ri1;Anz_Fs_Ri2;DTA_SV_Ri1;fA_SV_Ri1;qBm_SV_Ri1;B_anno_SV_Ri1;DTA_SV_Ri2;fA_SV_Ri2;qBm_SV_Ri2;B_anno_SV_Ri2;DTV_Bus_Ri1;DTV_LoA_Ri1;DTV_Lzg_Ri1;DTV_Sat_Ri1;DTV_Bus_Ri2;DTV_LoA_Ri2;DTV_Lzg_Ri2;DTV_Sat_Ri2;Anmerkungen;
4908;5675;AK Leverkusen (O);5;NW;A;1;;8+1;Dortmund;AS Burscheid;N;Köln;AK Kreuz Leverkusen (A3);S;6;402,2;;;;;;;;;;;;;;;;;;;;;;;;;;;;;;;;;;;;;;;;;;;;;;;;;;;;;;;;;;;;;;;;;;;;;;;;;;;;;;;;;;;;;;;;;;;;;;;;;;;;;;;;;;;;;;;;;;;;;;;;;;;;;;;;;;;;;;;;;;;;364.845;5.658.635;;;;;;;;;;;;;;;;;;;;;;;;;;;;;;;;;;;;;;51,06330659;7,07118583;;;;;;;;;;;;;;;;;;;;;;;;;;;;;;;;;260;4908018A4908083A;5,101;Ri1_ist_NachNK;2.374;907;3;3;;;;;;;;;;;;;;;;;Datenprobleme in 2022;
4908;5035;AK Leverkusen (W);5;NW;A;1;;8+1;Dortmund;AK Kreuz Leverkusen (A3);N;Köln;AK Kreuz Leverkusen-West (A59);S;6;403,7;;;;;;;;;;;;;;;;;;;;;;;;;;;;;;;;;;;;;;;;;;;;;;;;;;;;;;;;;;;;;;;;;;;;;;;;;;;;;;;;;;;;;;;;;;;;;;;;;;;;;;;;;;;;;;;;;;;;;;;;;;;;;;;;;;;;;;;;;;;;358.801;5.655.933;;;;;;;;;;;;;;;;;;;;;;;;;;;;;;;;;;;;;;51,03757536;6,98603730;;;;;;;;;;;;;;;;;;;;;;;;;;;;;;;;;250;4907071A4908018A;1,613;Ri1_ist_NachNK;3.829;2.388;3;3;;;;;;;;;;;;;;;;;Datenprobleme in 2022;
4111;5121;Ascheberg;5;NW;A;1;;8+1;Münster;AS Münster-Hiltrup;N;Dortmund;AS Ascheberg;S;4;288,5;;;;;;;;;;;;;;;;;;;;;;;;;;;;;;;;;;;;;;;;;;;;;;;;;;;;;;;;;;;;;;;;;;;;;;;;;;;;;;;;;;;;;;;;;;;;;;;;;;;;;;;;;;;;;;;;;;;;;;;;;;;;;;;;;;;;;;;;;;;;403.168;5.743.440;;;;;;;;;;;;;;;;;;;;;;;;;;;;;;;;;;;;;;51,83337406;7,59466706;;;;;;;;;;;;;;;;;;;;;;;;;;;;;;;;;340;4211021O4111030O;5,015;Ri1_ist_NachNK;7.483;7.482;2;2;;;;;;;;;;;;;;;;;Datenprobleme in 2022;
5206;5703;Bliesheim;5;NW;A;1;;8+1;Köln;AS Erftstadt;N;Saarbrücken;AK Kreuz Bliesheim (A61/A553);S;6;439,1;;;;;;;;;;;;;;;;;;;;;;;;;;;;;;;;;;;;;;;;;;;;;;;;;;;;;;;;;;;;;;;;;;;;;;;;;;;;;;;;;;;;;;;;;;;;;;;;;;;;;;;;;;;;;;;;;;;;;;;;;;;;;;;;;;;;;;;;;;;;345.057;5.629.397;;;;;;;;;;;;;;;;;;;;;;;;;;;;;;;;;;;;;;50,79557434;6,80140997;;;;;;;;;;;;;;;;;;;;;;;;;;;;;;;;;190;5206045A5106031A;3,093;Ri1_ist_NachNK;3.437;1.989;3;3;;;;;;;;;;;;;;;;;Baustelle in 2022;
5206;5060;Euskirchen/Bliesheim;5;NW;A;1;;8+1;Köln;AK Kreuz Bliesheim (A61/A553);N;Saarbrücken;AS Euskirchen (L264);S;4;443,1;318;206;71;41;47.673;23.349;24.324;49.249;23.806;25.443;48.407;23.361;25.046;40.866;21.627;19.239;+11,3;+11,7;+7,2;+15,7;5.424;2.697;2.727;6.495;3.215;3.281;5.720;2.806;2.914;1.049;625;424;+3,2;+3,4;+1,8;+6,5;11,4;13,2;11,8;2,6;0,98;0,88;1,13;2.714;10,5;532;20,7;3.014;11,2;1.812;6,6;;;;;;;;;;;;;;;;;;D;E;B;D;B;B;8;;E;17;;B;8;;E;17;;B;8;;F;16;;D;14;;C;11;15;G;18;;E;13;;86,9;10,2;0,5;1,7;2,7;8,6;7,3;0,1;0,0;85,2;10,9;0,4;1,6;3,0;10,0;8,5;0,1;0,0;86,2;10,3;0,6;1,9;2,7;9,0;7,6;0,1;0,0;95,7;6,9;1,2;1,7;0,8;1,7;1,5;0,1;0,0;346.069;5.625.358;50.317;24.306;26.010;7.138;3.516;3.622;42.846;20.732;22.113;2.248;1.156;1.092;;;;;;;;;;;;;;;;;50.457;24.376;26.081;7.256;3.583;3.673;14,4;14,7;14,1;50,75955211;6,81745222;2.471;2.789;10,6;11,5;9,2;7,0;7,0;5,4;10,1;10,7;24.081;25.742;0,98;0,78;1,00;0,99;1,09;1,16;0,88;0,88;2.658;90;248;18;1.683;25;95;9;421;16;94;1;170;5206054O5206045X;0,910;Ri1_ist_NachNK;6.365;6.364;2;2;11.251;4,17;0,32;1.317.443;11.347;4,16;0,32;1.328.566;22;622;2.052;1.721;25;641;2.060;1.752;;
3812;5170;Flugh. Münster/Osnabrück;5;NW;A;1;;8+1;Bremen;AS Ladbergen;N;Münster;AS Flughafen Münster/Osnabrück;S;4;251,5;255;159;65;31;58.661;29.437;29.223;57.573;29.069;28.504;62.161;31.250;30.911;58.366;28.555;29.810;+3,3;+3,4;-0,2;+7,9;11.072;5.534;5.538;13.278;6.637;6.641;11.611;5.810;5.801;2.152;1.066;1.086;-5,7;-5,6;-5,9;-6,0;18,9;23,1;18,7;3,7;1,08;1,02;1,16;3.264;16,3;805;40,1;3.542;16,7;2.429;14,4;;;;;;;;;;;;;;;;;;D;D;E;D;D;C;;;C;;;C;;;C;;;E;15;;E;17;;B;12;;D;14;;B;12;;C;15;;77,9;7,5;0,2;1,8;2,9;15,6;12,5;0,4;1,4;73,9;8,1;0,1;1,6;3,3;19,3;15,5;0,4;1,4;77,9;7,7;0,2;2,0;2,9;15,4;12,3;0,4;1,4;92,7;5,1;0,3;2,0;1,2;2,2;1,8;0,3;1,5;411.699;5.775.383;59.296;29.848;29.448;14.595;7.281;7.314;55.927;28.482;27.445;4.460;2.309;2.151;;;;;;;;;;;;;;;;;58.409;29.457;28.953;14.849;7.407;7.442;25,4;25,1;25,7;52,12191834;7,71022042;2.986;3.001;10,1;10,3;3,3;2,7;2,0;0,8;10,1;10,4;29.135;28.530;0,99;1,05;0,97;0,99;1,19;1,13;0,95;0,94;2.943;118;473;8;2.075;60;290;4;482;33;289;0;360;3812026O3812015O;2,500;Ri1_ist_NachNK;6.251;6.250;2;2;24.090;4,35;0,33;2.904.284;23.984;4,33;0,33;2.894.680;92;841;4.601;3.701;131;855;4.552;3.646;;
5206;5083;Frauenthal;5;NW;A;1;;8+1;Köln;AS Erftstadt;N;Saarbrücken;AK Kreuz Bliesheim (A61/A553);S;6;441,0;;;;;;;;;;;;;;;;;;;;;;;;;;;;;;;;;;;;;;;;;;;;;;;;;;;;;;;;;;;;;;;;;;;;;;;;;;;;;;;;;;;;;;;;;;;;;;;;;;;;;;;;;;;;;;;;;;;;;;;;;;;;;;;;;;;;;;;;;;;;345.714;5.627.771;;;;;;;;;;;;;;;;;;;;;;;;;;;;;;;;;;;;;;50,78114245;6,81140772;;;;;;;;;;;;;;;;;;;;;;;;;;;;;;;;;180;5206045A5106031A;3,044;Ri1_ist_NachNK;3.437;1.989;3;3;;;;;;;;;;;;;;;;;Hochwasserschaden in 2022;
4011;5171;Gievenbeck;5;NW;A;1;;8+1;Bremen;AK Kreuz Münster-Nord;N;Dortmund;AK Kreuz Münster-Süd (A43);S;6;271,4;147;85;46;16;82.117;41.278;40.839;82.791;41.813;40.978;86.212;43.356;42.856;74.498;36.688;37.811;+2,4;+2,6;-1,8;+8,2;13.901;6.973;6.927;16.747;8.400;8.347;14.555;7.313;7.242;2.446;1.218;1.227;-7,3;-7,1;-7,8;-9,7;16,9;20,2;16,9;3,3;1,04;0,90;1,13;4.595;14,8;1.074;35,0;5.043;15,3;3.254;12,7;;;;;;;;;;;;;;;;;;D;D;D;B;D;D;8;17;B;8;;D;8;17;D;8;17;C;;;E;16;;B;12;;D;14;;B;14;;C;15;;78,9;8,0;0,2;1,8;2,8;13,8;11,0;0,3;2,3;75,7;8,6;0,2;1,7;3,2;16,7;13,3;0,3;2,4;78,7;8,1;0,3;2,1;2,9;13,7;10,9;0,3;2,3;92,4;5,2;0,4;2,0;1,1;2,0;1,7;0,2;2,3;400.567;5.759.862;85.604;43.119;42.485;18.457;9.233;9.224;74.159;37.738;36.421;5.256;2.774;2.483;;;;;;;;;;;;;;;;;84.938;42.822;42.116;18.797;9.402;9.395;22,1;22,0;22,3;51,98052549;7,55219766;3.896;3.890;9,4;9,5;10,5;7,9;7,8;5,5;9,1;9,2;42.818;41.932;0,88;0,93;0,98;0,99;1,15;1,11;0,88;0,88;4.261;161;609;12;2.833;72;343;7;697;43;333;1;350;4011006O4011079O;1,000;Ri1_ist_NachNK;1.305;4.618;3;3;30.063;4,31;0,33;3.234.059;29.861;4,31;0,33;3.227.981;99;1.179;5.695;4.512;146;1.136;5.645;4.502;;
4510;5124;Hagen-Vorhalle;5;NW;A;1;;8+1;Dortmund;AS Hagen-Nord;N;Köln;AS Hagen-West;S;6;345,1;;;;;;;;;;;;;;;;;;;;;;;;;;;;;;;;;;;;;;;;;;;;;;;;;;;;;;;;;;;;;;;;;;;;;;;;;;;;;;;;;;;;;;;;;;;;;;;;;;;;;;;;;;;;;;;;;;;;;;;;;;;;;;;;;;;;;;;;;;;;393.056;5.695.540;;;;;;;;;;;;;;;;;;;;;;;;;;;;;;;;;;;;;;51,40099313;7,46259063;;;;;;;;;;;;;;;;;;;;;;;;;;;;;;;;;290;4610021A4510011A;2,538;Ri1_ist_NachNK;932;4.213;3;3;;;;;;;;;;;;;;;;;Datenprobleme in 2022;
4511;5101;Hengsen;5;NW;A;1;;8+1;Münster;AK Kreuz Dortmund/Unna (A44);N;Dortmund;AS Schwerte;S;6;73,8;212;127;50;35;99.256;50.112;49.144;99.057;50.332;48.725;102.151;52.147;50.004;96.393;46.753;49.639;+2,3;+2,8;-2,7;+7,9;17.039;8.660;8.379;20.619;10.498;10.122;18.030;9.161;8.869;2.422;1.166;1.257;-6,7;-6,8;-6,2;-10,2;17,2;20,8;17,7;2,5;1,03;0,98;1,12;5.479;14,6;1.450;36,4;5.900;15,0;4.215;12,9;;;;;;;;;;;;;;;;;;D;D;D;D;D;C;;;C;;;C;;;C;;;C;;;C;;;B;12;;D;14;;C;13;;D;18;;80,3;8,3;0,2;1,4;2,0;14,9;11,9;0,2;1,2;76,7;9,1;0,2;1,3;2,4;18,2;14,4;0,3;1,2;79,6;8,4;0,3;1,6;2,0;15,4;12,2;0,2;1,2;94,8;5,2;0,4;1,6;0,5;1,9;1,5;0,2;1,0;404.599;5.704.895;101.118;51.353;49.765;22.676;11.533;11.143;93.592;48.040;45.552;6.867;3.525;3.342;;;;;;;;;;;;;;;;;100.424;50.956;49.468;23.044;11.725;11.319;22,9;23,0;22,9;51,48714712;7,62595482;4.454;4.609;8,9;9,4;2,3;1,0;1,5;0,5;8,7;9,3;50.222;49.517;0,93;1,03;0,99;1,04;1,13;1,11;0,94;0,96;4.996;133;754;16;3.661;55;489;9;921;51;476;2;310;4511033A4411094A;5,863;Ri1_ist_NachNK;1.270;4.548;3;3;38.540;4,45;0,33;4.226.096;37.276;4,45;0,33;4.090.549;122;1.003;7.534;5.970;124;976;7.279;5.810;;
4511;5100;Holzen;5;NW;A;1;;8+1;Münster;AS Schwerte;N;Köln;AK Westhofener Kreuz (A45);S;8;337,8;;;;;;;;;;;;;;;;;;;;;;;;;;;;;;;;;;;;;;;;;;;;;;;;;;;;;;;;;;;;;;;;;;;;;;;;;;;;;;;;;;;;;;;;;;;;;;;;;;;;;;;;;;;;;;;;;;;;;;;;;;;;;;;;;;;;;;;;;;;;398.245;5.700.051;;;;;;;;;;;;;;;;;;;;;;;;;;;;;;;;;;;;;;51,44249358;7,53585799;;;;;;;;;;;;;;;;;;;;;;;;;;;;;;;;;300;4511041O4511033O;2,500;Ri1_ist_NachNK;2.766;1.282;4;4;;;;;;;;;;;;;;;;;Datenprobleme in 2022;
4709;5172;Hölken;5;NW;A;1;;8+1;Dortmund;AD Wuppertal-Nord (A43/A46);N;Köln;AS Wuppertal-Langerfeld;S;6;366,4;269;161;63;45;91.811;45.677;46.134;93.432;46.557;46.875;94.319;47.123;47.197;82.627;40.588;42.038;;;;;11.563;5.882;5.681;13.884;7.055;6.830;12.100;6.172;5.928;2.219;1.139;1.080;;;;;12,6;14,9;12,8;2,7;1,01;0,90;1,10;5.143;11,2;1.190;24,3;5.574;11,9;3.850;8,5;;;;;;;;;;;;;;;;;;D;D;B;D;D;D;8;17;G;8;;E;17;;D;8;17;E;16;;C;;;D;13;;D;14;;D;18;;C;15;;85,1;9,7;0,6;1,1;3,3;9,2;7,2;0,2;1,2;82,9;10,3;0,5;1,0;3,7;11,0;8,6;0,2;1,2;84,7;10,0;0,6;1,2;3,3;9,4;7,4;0,1;1,2;95,1;6,5;0,8;1,3;1,1;1,4;1,1;0,1;1,0;378.826;5.684.367;95.329;47.448;47.881;15.277;7.765;7.513;85.537;43.064;42.473;4.524;2.324;2.201;;;;;;;;;;;;;;;;;95.082;47.316;47.766;15.553;7.900;7.654;16,4;16,7;16,0;51,29771243;7,26192277;4.321;3.975;9,5;8,6;7,8;8,6;5,1;5,7;9,1;8,3;47.243;47.446;0,88;0,92;0,96;1,03;1,12;1,08;0,93;0,93;4.880;202;460;33;3.500;76;252;22;895;50;239;5;280;4709003O4609011O;1,500;Ri1_ist_NachNK;2.071;611;3;3;24.084;4,09;0,32;2.502.158;23.118;4,07;0,31;2.388.942;71;1.493;4.318;3.424;67;1.492;4.121;3.219;;
5106;5010;Hürth;5;NW;A;1;;8+1;Köln;AS Hürth;N;Saarbrücken;AD Dreieck Erfttal (A61);S;4;433,6;;;;;;;;;;;;;;;;;;;;;;;;;;;;;;;;;;;;;;;;;;;;;;;;;;;;;;;;;;;;;;;;;;;;;;;;;;;;;;;;;;;;;;;;;;;;;;;;;;;;;;;;;;;;;;;;;;;;;;;;;;;;;;;;;;;;;;;;;;;;344.935;5.634.211;;;;;;;;;;;;;;;;;;;;;;;;;;;;;;;;;;;;;;50,83880436;6,79765141;;;;;;;;;;;;;;;;;;;;;;;;;;;;;;;;;200;5106032A5106060A;2,706;Ri1_ist_NachNK;495;3.788;2;2;;;;;;;;;;;;;;;;;Datenprobleme in 2022;
5007;5032;Köln-Lövenich;5;NW;A;1;;8+1;Dortmund;AS Köln-Bocklemünd;N;Köln;AS Köln-Lövenich;S;6;421,3;;;;;;;;;;;;;;;;;;;;;;;;;;;;;;;;;;;;;;;;;;;;;;;;;;;;;;;;;;;;;;;;;;;;;;;;;;;;;;;;;;;;;;;;;;;;;;;;;;;;;;;;;;;;;;;;;;;;;;;;;;;;;;;;;;;;;;;;;;;;349.037;5.647.212;;;;;;;;;;;;;;;;;;;;;;;;;;;;;;;;;;;;;;50,95672279;6,85050020;;;;;;;;;;;;;;;;;;;;;;;;;;;;;;;;;230;5007025A5007010A;2,083;Ri1_ist_NachNK;219;3.484;3;3;;;;;;;;;;;;;;;;;Datenprobleme in 2022;
4907;5048;Köln-Nord;5;NW;A;1;;8+1;Dortmund;AS Köln-Niehl;N;Köln;AK Kreuz Köln-Nord (A57);S;6;410,0;181;60;63;58;83.905;40.647;43.259;88.538;42.806;45.732;84.230;40.902;43.328;66.186;32.256;33.929;+11,3;+9,6;+12,4;+18,7;4.132;2.049;2.082;5.037;2.498;2.539;4.350;2.158;2.191;475;237;238;+2,7;+2,1;+5,5;-2,4;4,9;5,7;5,2;0,7;0,95;0,77;1,04;4.755;4,7;978;7,5;5.204;5,1;3.408;2,7;;;;;;;;;;;;;;;;;;D;D;A;B;B;D;8;17;D;8;17;D;8;17;D;8;17;C;;;D;8;15;D;13;;D;15;;C;15;;D;18;;94,0;11,2;0,5;0,8;1,4;3,5;2,9;0,0;0,2;93,4;12,1;0,4;0,8;1,6;4,0;3,4;0,0;0,2;93,7;11,4;0,6;1,0;1,5;3,6;3,1;0,0;0,1;98,1;6,4;0,8;1,1;0,2;0,5;0,4;0,0;0,2;353.495;5.652.817;90.554;43.751;46.803;5.631;2.788;2.843;72.471;35.443;37.027;1.156;596;560;;;;;;;;;;;;;;;;;91.474;44.174;47.299;5.737;2.840;2.897;6,3;6,4;6,1;51,00823915;6,91165795;3.540;4.136;8,7;9,6;5,0;3,6;3,4;2,7;8,0;8,7;45.267;47.876;0,76;0,78;0,96;0,99;1,03;1,06;0,82;0,82;4.913;78;187;26;3.299;28;65;16;902;22;51;3;240;5007002A4907037A;1,926;Ri1_ist_NachNK;2.035;545;3;3;8.267;4,03;0,31;849.778;8.360;4,01;0,31;856.927;9;589;1.452;1.231;10;614;1.459;1.243;;
3812;5118;Ladbergen;5;NW;A;1;;8+1;Bremen;AS Lengerich;N;Münster;AS Ladbergen;S;4;43,1;255;151;67;37;57.811;29.261;28.550;56.605;28.806;27.799;61.518;31.171;30.347;57.700;28.580;29.120;+3,3;+3,3;-0,2;+8,4;11.104;5.615;5.489;13.315;6.727;6.588;11.641;5.899;5.742;2.170;1.105;1.065;-5,8;-5,7;-6,1;-5,2;19,2;23,5;18,9;3,8;1,09;1,03;1,16;3.208;16,6;810;39,8;3.478;17,1;2.397;14,6;;;;;;;;;;;;;;;;;;C;D;E;D;D;C;;;C;;;C;;;C;;;C;;;E;15;;B;12;;D;14;;B;13;;C;16;;77,6;7,1;0,2;1,7;3,0;15,8;12,5;0,4;1,4;73,5;7,7;0,1;1,6;3,5;19,6;15,5;0,4;1,4;77,7;7,0;0,2;2,0;3,0;15,5;12,3;0,4;1,4;92,7;4,9;0,3;2,0;1,2;2,2;1,8;0,3;1,6;414.080;5.779.392;58.394;29.627;28.767;14.630;7.377;7.253;55.118;28.285;26.833;4.494;2.366;2.129;;;;;;;;;;;;;;;;;57.414;29.178;28.236;14.887;7.504;7.383;25,9;25,7;26,1;52,15833030;7,74398143;2.965;2.917;10,1;10,2;5,6;2,5;3,7;0,8;10,2;10,3;28.852;27.763;1,00;1,06;0,98;0,99;1,19;1,13;0,96;0,94;2.877;120;473;8;2.042;61;291;4;487;34;288;1;370;3812015O3712041O;1,593;Ri1_ist_NachNK;1.639;170;2;2;24.347;4,34;0,33;2.927.524;23.750;4,33;0,33;2.860.496;102;876;4.637;3.663;122;859;4.508;3.581;;
3713;5143;Lotte;5;NW;A;1;;8+1;Bremen;AS Osnabrück-Hafen;N;Münster;AK Kreuz Lotte/Osnabrück (A30);S;4;227,7;89;61;15;13;62.933;32.251;30.682;62.959;32.351;30.608;65.131;33.112;32.018;60.099;30.804;29.294;+0,2;+0,6;-4,9;+6,3;14.612;7.346;7.266;17.599;8.840;8.759;15.425;7.795;7.631;2.432;1.202;1.230;-5,5;-5,5;-3,5;-17,7;23,2;28,0;23,7;4,0;1,03;0,97;1,14;3.459;20,4;948;43,8;3.741;21,1;2.615;17,5;;;;;;;;;;;;;;;;;;C;C;D;D;D;C;;;C;;;C;;;C;;;C;;;C;;;B;11;;D;14;;B;12;;C;15;;74,7;10,0;0,3;2,1;2,8;20,3;16,9;0,2;0,0;70,1;10,4;0,2;1,9;3,2;24,5;20,5;0,2;0,0;73,9;10,6;0,3;2,4;2,8;20,7;17,3;0,2;0,0;93,7;7,7;0,3;2,3;0,8;3,0;2,7;0,2;0,0;427.431;5.792.881;64.386;32.838;31.548;19.357;9.694;9.663;59.218;31.102;28.116;5.903;3.173;2.730;;;;;;;;;;;;;;;;;64.061;32.769;31.292;19.679;9.847;9.832;30,7;30,0;31,4;52,28149925;7,93622592;2.907;2.946;9,0;9,6;5,6;2,6;5,0;1,6;8,9;9,4;32.696;31.242;0,97;0,98;0,99;0,98;1,15;1,12;0,95;0,89;2.942;116;672;10;2.151;48;409;6;531;32;383;2;380;3713038A3713041O;1,602;Ri1_ist_NachNK;1.025;4.298;2;2;32.845;4,47;0,33;4.011.403;32.427;4,46;0,33;3.957.604;51;865;6.430;5.371;56;872;6.337;5.285;;
5406;5047;Nettersheim;5;NW;A;1;;8+1;Köln;AS Nettersheim;N;Saarbrücken;AS Blankenheim (B51);S;4;474,0;;;;;;;;;;;;;;;;;;;;;;;;;;;;;;;;;;;;;;;;;;;;;;;;;;;;;;;;;;;;;;;;;;;;;;;;;;;;;;;;;;;;;;;;;;;;;;;;;;;;;;;;;;;;;;;;;;;;;;;;;;;;;;;;;;;;;;;;;;;;334.787;5.596.023;;;;;;;;;;;;;;;;;;;;;;;;;;;;;;;;;;;;;;50,49285687;6,67070273;;;;;;;;;;;;;;;;;;;;;;;;;;;;;;;;;160;5506030A5406040A;3,733;Ri1_ist_NachNK;1.998;3.880;2;2;;;;;;;;;;;;;;;;;Datenprobleme in 2022;
4809;5011;Schloss Burg;5;NW;A;1;;8+1;Dortmund;AS Wermelskirchen;N;Köln;AS Burscheid;S;6;387,4;119;78;35;6;83.237;41.859;41.377;83.672;42.059;41.613;84.590;42.862;41.728;79.924;39.864;40.060;+15,2;+14,7;+13,2;+20,1;9.141;4.721;4.420;10.991;5.652;5.339;9.486;4.906;4.580;1.795;1.013;783;+11,1;+10,1;+14,4;+14,4;11,0;13,1;11,2;2,2;1,01;0,99;1,12;4.658;9,5;1.089;23,6;5.018;10,0;3.579;7,6;;;;;;;;;;;;;;;;;;D;D;B;D;D;D;8;17;G;8;;E;17;;D;8;17;E;16;;C;;;D;13;;D;14;;D;18;;D;18;;87,9;10,5;0,4;1,1;2,0;8,9;7,1;0,1;0,0;85,8;11,4;0,3;1,1;2,3;10,7;8,6;0,1;0,0;87,5;10,6;0,4;1,3;2,0;9,1;7,3;0,1;0,0;96,5;6,5;0,6;1,2;0,6;1,6;1,3;0,1;0,0;372.170;5.665.205;84.800;42.710;42.089;12.042;6.187;5.855;79.548;40.077;39.472;3.698;1.967;1.732;;;;;;;;;;;;;;;;;84.647;42.568;42.078;12.287;6.306;5.981;14,5;14,8;14,2;51,12403353;7,17333592;3.935;3.701;9,4;8,9;7,5;1,1;6,1;0,6;9,2;8,8;42.132;41.265;0,97;1,01;0,97;1,05;1,15;1,10;0,98;0,97;4.497;108;391;21;3.292;42;231;13;830;32;225;3;270;4908083A4809012A;5,678;Ri1_ist_NachNK;895;4.148;3;3;20.300;4,3;0,33;2.174.899;18.980;4,29;0,33;2.032.781;45;840;3.836;3.064;43;796;3.581;2.873;;
4411;5144;Unna;5;NW;A;1;;8+1;Münster;AS Kamen-Zentrum;N;Köln;AS Unna (B1);S;6;321,6;180;119;32;29;104.737;53.080;51.656;105.933;53.992;51.941;107.726;54.602;53.124;96.540;47.779;48.762;+2,9;+3,9;-3,2;+8,3;16.162;8.388;7.774;19.564;10.199;9.365;16.937;8.729;8.208;2.480;1.194;1.286;-5,9;-5,5;-6,8;-9,8;15,4;18,5;15,7;2,6;1,02;0,94;1,14;5.807;13,2;1.479;33,0;6.278;13,6;4.392;11,3;;;;;;;;;;;;;;;;;;D;D;B;D;D;C;;;C;;;C;;;C;;;C;;;C;;;B;12;;D;14;;C;14;;C;15;;83,1;9,6;0,3;1,4;2,3;13,0;10,5;0,2;0,0;80,2;10,2;0,3;1,3;2,7;15,6;12,6;0,2;0,0;82,7;9,8;0,4;1,6;2,3;13,2;10,7;0,1;0,0;95,7;7,1;0,5;1,7;0,7;1,8;1,5;0,1;0,0;407.358;5.711.974;107.742;54.857;52.885;21.464;11.146;10.318;99.789;50.692;49.097;6.518;3.459;3.058;;;;;;;;;;;;;;;;;107.258;54.695;52.563;21.862;11.383;10.479;20,4;20,8;19,9;51,55124562;7,66382597;4.553;4.523;8,6;8,8;1,8;1,6;0,9;0,8;8,3;8,6;53.548;51.377;0,91;0,98;1,01;1,04;1,11;1,17;0,94;0,98;5.401;158;698;22;3.881;64;433;14;988;53;434;3;320;4411025A4412044A;2,770;Ri1_ist_NachNK;3.048;3.937;3;3;36.700;4,38;0,33;3.977.028;34.004;4,37;0,33;3.689.802;77;1.257;7.053;5.694;84;1.163;6.527;5.308;;
4312;5145;Altenbögge;5;NW;A;2;;8+1;Hannover;AS Bönen;O;Dortmund;AK Kamener Kreuz (A1);W;6;407,4;326;197;72;57;90.037;45.488;44.549;93.189;47.460;45.728;91.174;46.370;44.803;76.841;37.017;39.824;;;;;19.796;10.051;9.745;24.017;12.243;11.775;20.570;10.405;10.165;3.055;1.421;1.634;;;;;22,0;25,8;22,6;4,0;0,98;0,85;1,08;4.927;19,9;1.400;36,8;5.345;20,8;3.673;16,0;;;;;;;;;;;;;;;;;;D;D;B;B;B;C;;;C;;;C;;;C;;;C;;;E;16;;A;;;D;13;;D;18;;D;17;;75,4;8,4;0,5;1,2;3,5;18,3;14,9;0,2;1,4;71,7;8,8;0,4;1,1;3,9;21,7;17,6;0,2;1,4;74,7;8,3;0,5;1,3;3,6;18,8;15,2;0,2;1,4;93,3;6,6;0,6;1,4;1,4;2,4;2,0;0,2;1,3;411.507;5.717.747;95.465;48.645;46.819;26.287;13.398;12.888;79.214;40.126;39.088;7.980;3.956;4.024;;;;;;;;;;;;;;;;;95.800;48.822;46.977;26.851;13.708;13.143;28,0;28,1;28,0;51,60379859;7,72218272;4.092;4.081;9,0;9,2;17,3;14,1;14,2;10,7;8,4;8,7;48.691;47.329;0,82;0,89;0,95;0,98;1,10;1,07;0,87;0,88;4.208;203;908;26;3.068;90;496;19;879;65;450;6;80;4312094O4312017O;1,000;Ri1_ist_VonNK;4.743;2.403;3;3;43.822;4,36;0,33;4.742.208;42.383;4,35;0,33;4.579.208;93;1.573;8.385;6.837;99;1.551;8.095;6.543;;
3719;5123;Bad Oeynhausen;5;NW;A;2;;5+1;Hannover;AS Porta Westfalica;O;Dortmund;AK Kreuz Bad Oeynhausen (A30);W;6;296,1;;;;;;;;;;;;;;;;;;;;;;;;;;;;;;;;;;;;;;;;;;;;;;;;;;;;;;;;;;;;;;;;;;;;;;;;;;;;;;;;;;;;;;;;;;;;;;;;;;;;;;;;;;;;;;;;;;;;;;;;;;;;;;;;;;;;;;;;;;;;490.382;5.784.468;;;;;;;;;;;;;;;;;;;;;;;;;;;;;;;;;;;;;;52,21056627;8,85923951;;;;;;;;;;;;;;;;;;;;;;;;;;;;;;;;;180;3719119B3818088B;0,448;Ri1_ist_VonNK;1.514;4.352;3;3;;;;;;;;;;;;;;;;;Datenprobleme in 2022;
4017;5120;Bielefeld;5;NW;A;2;;5+1;Hannover;AS Bielefeld-Sennestadt;O;Dortmund;AK Kreuz Bielefeld (A33);W;6;447,0;;;;;;;;;;;;;;;;;;;;;;;;;;;;;;;;;;;;;;;;;;;;;;;;;;;;;;;;;;;;;;;;;;;;;;;;;;;;;;;;;;;;;;;;;;;;;;;;;;;;;;;;;;;;;;;;;;;;;;;;;;;;;;;;;;;;;;;;;;;;469.639;5.755.478;;;;;;;;;;;;;;;;;;;;;;;;;;;;;;;;;;;;;;51,94917628;8,55824098;;;;;;;;;;;;;;;;;;;;;;;;;;;;;;;;;150;4017034A4017076A;1,067;Ri1_ist_VonNK;2.407;466;3;3;;;;;;;;;;;;;;;;;Datenprobleme in 2022;
3818;5156;Borstenbach;5;NW;A;2;;5+1;Hannover;AK Bad Oeynhausen (A30);O;Dortmund;AS Vlotho-West;W;6;302,0;;;;;;;;;;;;;;;;;;;;;;;;;;;;;;;;;;;;;;;;;;;;;;;;;;;;;;;;;;;;;;;;;;;;;;;;;;;;;;;;;;;;;;;;;;;;;;;;;;;;;;;;;;;;;;;;;;;;;;;;;;;;;;;;;;;;;;;;;;;;487.313;5.779.794;;;;;;;;;;;;;;;;;;;;;;;;;;;;;;;;;;;;;;52,16847975;8,81449719;;;;;;;;;;;;;;;;;;;;;;;;;;;;;;;;;170;3818088O3818048O;4,500;Ri1_ist_VonNK;3.395;1.511;3;3;;;;;;;;;;;;;;;;;Datenprobleme in 2022;
4213;5175;Brunsberg;5;NW;A;2;;5+1;Hannover;AS Beckum;O;Dortmund;AS Hamm-Uentrop;W;6;380,7;;;;;;;;;;;;;;;;;;;;;;;;;;;;;;;;;;;;;;;;;;;;;;;;;;;;;;;;;;;;;;;;;;;;;;;;;;;;;;;;;;;;;;;;;;;;;;;;;;;;;;;;;;;;;;;;;;;;;;;;;;;;;;;;;;;;;;;;;;;;430.505;5.733.293;;;;;;;;;;;;;;;;;;;;;;;;;;;;;;;;;;;;;;51,74622796;7,99336200;;;;;;;;;;;;;;;;;;;;;;;;;;;;;;;;;110;4214015O4313005O;4,000;Ri1_ist_VonNK;4.221;421;3;3;;;;;;;;;;;;;;;;;Datenprobleme in 2022;
3917;5155;Brönninghausen;5;NW;A;2;;8+1;Hannover;AS Ostwestfalen/Lippe;O;Dortmund;AS Bielefeld-Ost;W;6;327,0;130;77;35;18;89.728;44.617;45.110;92.200;46.251;45.949;91.463;45.663;45.800;78.323;37.206;41.117;+5,3;+6,1;-0,5;+11,0;18.454;9.063;9.392;22.360;11.036;11.324;19.103;9.323;9.779;3.050;1.363;1.687;+0,3;+0,8;-0,8;-5,3;20,6;24,3;20,9;3,9;0,99;0,85;1,12;4.955;18,3;1.307;37,4;5.393;19,0;3.639;15,5;;;;;;;;;;;;;;;;;;D;D;B;B;B;C;;;G;8;;C;;;D;8;17;E;15;;D;8;16;A;;;D;13;;C;14;;C;17;;75,3;9,3;0,2;1,7;3,7;16,5;13,3;0,4;2,5;71,7;9,6;0,1;1,6;4,2;19,7;15,8;0,4;2,4;74,9;9,7;0,2;1,8;3,8;16,8;13,5;0,3;2,5;91,5;7,2;0,3;2,0;1,5;2,1;1,8;0,3;2,7;474.300;5.761.838;94.864;47.469;47.395;24.391;11.987;12.405;78.213;39.489;38.724;7.753;3.924;3.829;;;;;;;;;;;;;;;;;94.923;47.573;47.349;24.928;12.283;12.644;26,3;25,8;26,7;52,00659136;8,62558463;4.142;4.113;9,3;9,1;14,3;14,0;11,2;10,6;8,7;8,7;47.495;47.113;0,80;0,89;0,94;1,02;1,15;1,09;0,86;0,85;4.358;220;804;11;3.070;110;452;7;817;70;419;1;160;3917124O4017072O;7,100;Ri1_ist_VonNK;3.329;1.438;3;3;38.786;4,28;0,33;4.164.107;40.161;4,28;0,33;4.315.562;145;1.638;7.279;5.874;181;1.680;7.531;6.021;;
4312;5148;Bönen;5;NW;A;2;;8+1;Hannover;AS Hamm;O;Dortmund;AS Bönen;W;6;404,1;299;206;41;52;86.027;43.223;42.804;88.361;44.802;43.559;86.809;43.844;42.964;76.329;36.546;39.783;;;;;18.514;9.374;9.140;22.522;11.475;11.047;19.014;9.511;9.503;2.912;1.350;1.562;;;;;21,5;25,5;21,9;3,8;0,98;0,90;1,10;4.725;19,4;1.304;37,2;5.115;20,3;3.554;15,5;;;;;;;;;;;;;;;;;;D;D;B;B;D;C;;;C;;;C;;;C;;;C;;;E;16;;A;;;D;14;;D;18;;D;17;;75,0;7,5;0,2;1,4;3,4;17,7;14,7;0,5;2,1;71,1;8,0;0,1;1,3;3,8;21,2;17,6;0,5;2,0;74,4;7,7;0,2;1,6;3,4;18,1;15,0;0,5;2,1;92,3;5,5;0,3;1,6;1,3;2,2;1,9;0,3;2,3;415.297;5.719.037;90.108;45.669;44.439;24.552;12.476;12.075;77.623;39.198;38.425;7.558;3.751;3.806;;;;;;;;;;;;;;;;;90.389;45.862;44.526;25.169;12.845;12.325;27,8;28,0;27,7;51,61597798;7,77659085;3.971;3.985;9,2;9,3;15,4;2,3;12,7;0,8;8,7;8,9;45.652;44.913;0,86;0,94;0,95;0,99;1,12;1,07;0,91;0,91;4.069;198;838;10;2.998;96;455;6;817;67;419;1;90;4313016O4312094O;4,500;Ri1_ist_VonNK;3.258;1.351;3;3;40.754;4,35;0,33;4.431.403;39.543;4,33;0,33;4.308.285;159;1.464;7.750;6.452;233;1.434;7.473;6.187;;
4408;5122;Gelsenkirchen;5;NW;A;2;;5+1;Dortmund;AS Kreuz Recklinghausen (A43);O;AK Oberh. (A3/A516);AS Herten;W;6;449,3;;;;;;;;;;;;;;;;;;;;;;;;;;;;;;;;;;;;;;;;;;;;;;;;;;;;;;;;;;;;;;;;;;;;;;;;;;;;;;;;;;;;;;;;;;;;;;;;;;;;;;;;;;;;;;;;;;;;;;;;;;;;;;;;;;;;;;;;;;;;372.581;5.715.511;;;;;;;;;;;;;;;;;;;;;;;;;;;;;;;;;;;;;;51,57624496;7,16118750;;;;;;;;;;;;;;;;;;;;;;;;;;;;;;;;;40;4409124A4408119A;2,117;Ri1_ist_VonNK;3.177;1.259;3;3;;;;;;;;;;;;;;;;;Datenprobleme in 2022;
4408;5147;Gelsenkirchen-Erle;5;NW;A;2;;8+1;Dortmund;AS Herten;O;Oberhausen (A3/A516);AS Gelsenkirchen-Buer;W;6;455,6;45;28;11;6;77.266;37.107;40.159;82.136;39.726;42.410;78.154;37.318;40.836;57.956;27.058;30.898;+2,8;+2,8;-0,1;+8,2;12.255;6.141;6.113;15.037;7.566;7.471;12.444;6.169;6.275;1.619;782;837;-9,3;-8,5;-11,1;-19,1;15,9;18,3;15,9;2,8;0,95;0,71;1,08;4.302;14,7;1.054;25,6;4.736;15,4;3.000;11,0;;;;;;;;;;;;;;;;;;D;D;A;B;B;D;8;17;D;8;17;D;8;17;D;8;17;D;8;15;D;8;15;D;15;;A;;;D;19;;C;15;;83,0;10,0;0,5;1,2;2,3;13,4;11,6;0,1;0,0;80,6;10,6;0,5;1,1;2,6;15,5;13,4;0,1;0,0;82,8;10,1;0,6;1,3;2,3;13,5;11,6;0,1;0,0;95,8;6,9;0,8;1,4;0,8;1,9;1,7;0,2;0,0;366.559;5.714.327;84.151;40.678;43.473;16.385;8.253;8.132;66.549;31.590;34.959;4.715;2.196;2.519;;;;;;;;;;;;;;;;;84.949;41.183;43.765;16.858;8.517;8.340;19,8;20,7;19,1;51,56421738;7,07478790;3.547;3.885;9,6;9,7;14,1;10,5;12,5;8,1;8,6;8,9;41.169;44.188;0,70;0,72;0,97;0,93;1,08;1,08;0,84;0,85;3.979;123;609;26;2.653;41;289;17;780;33;236;5;20;4408119A4408074A;4,337;Ri1_ist_VonNK;307;3.173;3;3;27.016;4,4;0,33;2.951.137;26.878;4,4;0,33;2.937.152;53;898;5.191;4.475;58;895;5.160;4.454;;
4311;5173;Kamen;5;NW;A;2;;8+1;Hannover;AK Kamener Kreuz (A1);O;Dortmund;AS Kamen/Bergkamen;W;6;414,0;325;193;75;57;72.656;35.816;36.840;76.958;38.064;38.894;72.868;36.084;36.784;56.313;27.080;29.233;;;;;15.828;7.795;8.034;19.347;9.560;9.787;16.239;7.919;8.320;2.164;1.042;1.122;;;;;21,8;25,1;22,3;3,8;0,95;0,75;1,05;3.972;20,0;1.137;33,9;4.341;21,1;2.866;15,4;;;;;;;;;;;;;;;;;;D;D;A;B;B;G;8;;D;8;17;C;;;D;8;17;C;;;E;16;;A;;;D;14;;A;;;D;18;;75,2;7,8;0,2;1,3;3,4;18,0;15,0;0,4;1,7;72,0;8,3;0,2;1,2;3,8;20,9;17,5;0,4;1,6;74,7;7,8;0,2;1,4;3,4;18,5;15,4;0,4;1,7;92,6;5,4;0,4;1,5;1,2;2,3;2,0;0,3;2,1;406.622;5.717.318;78.500;38.738;39.762;21.130;10.424;10.706;63.508;31.907;31.602;6.162;2.973;3.189;;;;;;;;;;;;;;;;;79.303;39.156;40.148;21.678;10.728;10.949;27,3;27,4;27,3;51,59915342;7,65177961;3.091;3.507;8,6;9,5;20,3;13,0;17,3;10,0;7,9;8,7;39.405;41.041;0,75;0,75;0,95;0,94;1,10;1,01;0,87;0,83;3.416;171;744;10;2.420;69;371;6;750;53;333;1;70;4312017O4411082O;2,000;Ri1_ist_VonNK;914;4.736;3;3;33.888;4,35;0,33;3.701.584;34.936;4,35;0,33;3.791.849;188;1.172;6.435;5.359;106;1.280;6.647;5.566;;
4407;5026;Oberhausen-Sterkrade;5;NW;A;2;;8+1;Dortmund;AS Oberhausen-Königshardt;O;AK Oberh. (A3/A516);AK Kreuz Oberhausen (A3/A516);W;6;471,0;116;83;14;19;112.121;54.550;57.570;114.794;56.193;58.601;111.430;54.093;57.337;102.989;48.980;54.009;+1,7;+0,7;-5,9;+19,6;20.253;9.818;10.435;24.456;11.852;12.604;20.781;9.949;10.833;3.884;2.051;1.834;-9,9;-9,5;-11,0;-9,8;18,1;21,3;18,6;3,8;0,97;0,96;1,13;6.171;16,8;1.673;27,4;6.687;17,8;4.622;12,3;;;;;;;;;;;;;;;;;;D;D;B;D;D;C;;;C;;;C;;;D;8;17;C;;;C;;;A;;;A;;;A;;;A;;;80,3;8,1;0,2;1,1;3,8;14,2;11,9;0,1;0,6;77,0;8,3;0,2;1,1;4,2;17,0;14,3;0,1;0,6;79,6;8,0;0,2;1,2;3,8;14,7;12,3;0,1;0,5;94,7;7,3;0,6;1,1;1,8;1,8;1,5;0,1;0,4;351.908;5.711.923;114.824;56.141;58.683;26.455;12.743;13.712;109.735;53.376;56.359;9.397;4.752;4.645;;;;;;;;;;;;;;;;;115.663;56.704;58.959;27.115;13.111;14.004;23,4;23,1;23,8;51,53895621;6,86456552;5.314;5.043;9,7;8,8;17,6;8,6;13,8;6,0;9,4;8,6;54.149;58.684;0,95;0,96;1,04;0,94;1,13;1,13;1,03;1,00;5.476;271;922;18;4.043;123;444;12;1.212;78;381;1;10;4407119A4407091A;0,344;Ri1_ist_VonNK;2.207;285;3;3;41.489;4,23;0,32;4.396.244;44.261;4,24;0,32;4.718.110;62;2.068;7.688;6.320;65;2.170;8.200;7.064;;
4114;5102;Oelde;5;NW;A;2;;8+1;Hannover;AS Herzebrock-Clarholz;O;Dortmund;AS Oelde;W;6;367,7;;;;;;;;;;;;;;;;;;;;;;;;;;;;;;;;;;;;;;;;;;;;;;;;;;;;;;;;;;;;;;;;;;;;;;;;;;;;;;;;;;;;;;;;;;;;;;;;;;;;;;;;;;;;;;;;;;;;;;;;;;;;;;;;;;;;;;;;;;;;442.507;5.741.080;;;;;;;;;;;;;;;;;;;;;;;;;;;;;;;;;;;;;;51,81759438;8,16590641;;;;;;;;;;;;;;;;;;;;;;;;;;;;;;;;;120;4115085O4114036O;4,055;Ri1_ist_VonNK;6.159;6.160;3;3;;;;;;;;;;;;;;;;;Datenprobleme in 2022;
4409;5126;Recklinghausen-Ost;5;NW;A;2;;8+1;Dortmund;AS Recklinghausen-Ost;O;Oberhausen (A3/A516);AS Recklinghausen-Süd;W;6;443,3;26;17;6;3;78.866;40.499;38.367;84.488;43.595;40.893;79.214;40.808;38.406;57.423;28.544;28.880;+4,2;+5,2;-0,9;+8,2;13.298;6.742;6.556;16.314;8.298;8.016;13.615;6.832;6.784;1.631;818;814;-6,8;-5,7;-9,2;-20,1;16,9;19,3;17,2;2,8;0,94;0,69;1,05;4.402;15,6;1.054;27,5;4.871;16,4;2.994;11,6;;;;;;;;;;;;;;;;;;D;D;A;B;B;D;8;17;D;8;17;D;8;17;D;8;17;D;8;16;D;8;16;D;15;;D;17;;D;18;;D;18;;81,9;10,1;0,4;1,2;2,5;14,2;12,2;0,2;0,0;79,5;10,7;0,3;1,1;2,9;16,3;14,0;0,2;0,0;81,5;10,0;0,5;1,3;2,6;14,4;12,4;0,2;0,0;95,7;6,9;0,7;1,5;0,7;1,9;1,7;0,2;0,0;378.224;5.717.349;86.563;44.768;41.794;17.816;9.077;8.740;66.724;33.835;32.888;5.091;2.381;2.710;;;;;;;;;;;;;;;;;87.650;45.348;42.301;18.304;9.349;8.955;20,9;20,6;21,2;51,59401481;7,24194345;3.958;3.749;9,8;9,8;14,2;12,6;11,7;10,4;8,7;8,9;45.885;42.824;0,68;0,70;0,95;0,94;1,06;1,04;0,82;0,85;4.051;140;659;21;2.636;41;305;12;761;36;254;3;50;4409168A4409125A;0,768;Ri1_ist_VonNK;2.292;4.924;3;3;29.490;4,37;0,33;3.211.403;28.804;4,39;0,33;3.146.965;66;1.042;5.635;4.838;67;962;5.527;4.757;;
4116;5176;Rheda-Wiedenbrück;5;NW;A;2;;8+1;Hannover;AS Gütersloh;O;Dortmund;AS Rheda-Wiedenbrück;W;6;353,8;261;176;55;30;78.828;39.487;39.341;80.685;40.738;39.948;79.733;40.239;39.494;70.756;33.874;36.882;+6,3;+7,2;+0,0;+11,9;16.440;8.159;8.281;19.950;9.943;10.007;16.970;8.391;8.579;2.663;1.202;1.461;-1,1;-0,4;-2,7;-9,6;20,9;24,7;21,3;3,8;0,99;0,88;1,11;4.332;18,6;1.189;37,0;4.700;19,3;3.229;15,6;;;;;;;;;;;;;;;;;;D;D;B;B;D;G;8;;C;;;C;;;C;;;C;;;E;15;;A;;;D;13;;D;18;;C;17;;75,4;8,4;0,2;1,5;3,3;17,1;13,9;0,4;2,2;71,7;8,9;0,1;1,4;3,8;20,5;16,6;0,5;2,2;74,9;8,3;0,2;1,6;3,3;17,5;14,2;0,4;2,2;92,2;6,3;0,3;1,7;1,4;2,1;1,8;0,3;2,3;454.947;5.745.701;82.490;41.625;40.864;21.720;10.797;10.922;70.550;35.708;34.842;7.017;3.535;3.482;;;;;;;;;;;;;;;;;82.648;41.707;40.941;22.218;11.066;11.152;26,9;26,5;27,2;51,86028314;8,34576570;3.583;3.741;9,1;9,5;16,6;2,6;13,1;0,9;8,6;9,1;41.438;41.325;0,84;0,91;0,95;0,99;1,14;1,08;0,89;0,88;3.783;179;729;8;2.719;91;414;5;748;57;382;1;130;4116031O4115046O;6,900;Ri1_ist_VonNK;1.425;4.259;3;3;35.248;4,32;0,33;3.837.542;35.849;4,33;0,33;3.873.628;231;1.268;6.660;5.397;115;1.362;6.805;5.544;;
4313;5174;Rhynern;5;NW;A;2;;8+1;Hannover;AS Hamm-Uentrop;O;Dortmund;AS Hamm;W;6;399,1;338;205;74;59;75.084;37.269;37.815;76.161;38.045;38.116;76.327;38.164;38.163;69.509;33.253;36.257;;;;;17.020;8.458;8.563;20.677;10.322;10.355;17.521;8.651;8.870;2.728;1.247;1.481;;;;;22,7;27,1;23,0;3,9;1,00;0,93;1,11;4.118;20,3;1.150;39,6;4.440;21,2;3.150;16,7;;;;;;;;;;;;;;;;;;C;D;B;D;D;C;;;C;;;C;;;C;;;C;;;E;16;;A;;;D;13;;D;18;;D;17;;73,3;7,8;0,2;1,5;3,5;18,8;15,4;0,4;2,5;68,9;8,4;0,1;1,4;4,0;22,7;18,6;0,5;2,5;72,9;7,7;0,2;1,6;3,5;19,1;15,6;0,4;2,6;91,8;5,7;0,3;1,7;1,4;2,2;1,9;0,3;2,6;420.817;5.720.018;77.663;38.768;38.895;22.528;11.226;11.302;69.126;34.715;34.411;7.098;3.502;3.597;;;;;;;;;;;;;;;;;77.580;38.724;38.856;23.061;11.519;11.542;29,7;29,7;29,7;51,62560498;7,85607227;3.451;3.632;9,3;9,6;12,4;3,3;9,7;1,0;8,9;9,3;38.504;39.215;0,91;0,96;0,95;0,99;1,14;1,08;0,94;0,93;3.493;175;764;8;2.620;92;433;5;694;58;398;1;100;4313005O4313016O;11,400;Ri1_ist_VonNK;1.353;4.181;3;3;36.788;4,35;0,33;3.995.425;37.220;4,35;0,33;4.050.927;139;1.311;7.008;5.754;177;1.305;7.081;5.800;;
4116;5177;Sürenheide;5;NW;A;2;;8+1;Hannover;AK Kreuz Bielefeld (A33);O;Dortmund;AS Gütersloh;W;6;346,2;257;173;57;27;83.512;41.513;41.999;85.755;42.918;42.837;84.365;42.283;42.082;74.063;35.304;38.759;+6,0;+6,9;-0,5;+11,9;16.961;8.421;8.540;20.606;10.258;10.349;17.517;8.663;8.853;2.644;1.251;1.393;-1,0;-0,3;-2,6;-9,0;20,3;24,0;20,8;3,6;0,98;0,86;1,10;4.611;18,1;1.217;36,9;5.009;18,8;3.418;14,9;;;;;;;;;;;;;;;;;;D;D;B;B;B;C;;;C;;;C;;;C;;;C;;;E;16;;A;;;D;14;;D;18;;C;17;;76,1;7,5;0,2;1,5;3,4;16,5;13,4;0,4;2,1;72,5;8,0;0,1;1,4;3,8;19,8;16,0;0,4;2,1;75,5;7,5;0,2;1,6;3,4;17,0;13,8;0,4;2,2;92,6;5,2;0,3;1,6;1,3;2,0;1,7;0,3;2,2;461.758;5.748.875;87.742;43.871;43.871;22.468;11.157;11.311;74.096;37.370;36.726;7.068;3.572;3.496;;;;;;;;;;;;;;;;;88.004;43.991;44.014;22.985;11.432;11.553;26,1;26,0;26,2;51,88932357;8,44430689;3.809;3.868;9,2;9,2;16,4;9,6;12,9;7,2;8,7;8,8;43.840;44.491;0,83;0,89;0,95;0,99;1,13;1,07;0,88;0,86;4.056;191;753;9;2.902;92;418;6;767;62;388;1;140;4017076O4116031O;10,200;Ri1_ist_VonNK;4.263;2.405;3;3;36.273;4,31;0,33;3.926.270;36.852;4,32;0,33;3.984.304;187;1.391;6.843;5.534;154;1.419;6.967;5.666;;
4410;5125;Waltrop-Brambauer;5;NW;A;2;;8+1;Hannover;AS Dortmund-Nordost;O;Oberhausen (A3/A516);AS Dortmund-Mengede (L609);W;6;426,1;67;46;11;10;90.929;45.247;45.682;96.995;48.504;48.491;92.166;45.819;46.348;66.712;32.358;34.354;+2,3;+2,4;-1,0;+8,1;18.528;9.326;9.202;22.666;11.445;11.221;19.250;9.581;9.669;2.162;1.088;1.075;-3,4;-2,7;-4,4;-17,4;20,4;23,4;20,9;3,2;0,95;0,70;1,05;5.003;18,8;1.360;32,1;5.511;19,8;3.478;14,2;;;;;;;;;;;;;;;;;;D;D;A;B;B;D;8;17;D;8;17;C;;;D;8;17;C;;;D;8;15;A;;;D;15;;D;18;;D;18;;78,5;9,9;0,5;1,1;2,9;17,4;14,8;0,1;0,0;75,5;10,4;0,4;1,1;3,2;20,0;17,0;0,1;0,0;77,9;10,0;0,5;1,2;2,9;17,8;15,1;0,1;0,0;95,4;6,8;0,7;1,3;0,8;2,3;2,0;0,2;0,0;394.492;5.714.877;99.888;49.776;50.111;24.916;12.557;12.359;75.919;38.414;37.505;6.773;3.334;3.438;;;;;;;;;;;;;;;;;100.837;50.334;50.503;25.489;12.887;12.601;25,3;25,6;25,0;51,57507373;7,47744975;3.921;4.289;8,7;9,4;18,7;14,9;15,8;12,9;7,8;8,5;50.473;51.502;0,70;0,70;0,96;0,96;1,07;1,03;0,83;0,78;4.396;175;914;27;2.968;53;440;17;917;53;384;6;60;4410097A4410061A;1,225;Ri1_ist_VonNK;1.337;4.165;3;3;41.155;4,41;0,33;4.493.445;40.639;4,42;0,33;4.439.882;62;1.320;7.945;6.750;64;1.288;7.851;6.668;;
5008;5672;AD Heumar (N);5;NW;A;3;;8+1;Oberhausen;AK Kreuz Köln-Ost (A4);N;Köln;AD Dreieck Heumar (A4/A59);S;8;128,4;;;;;;;;;;;;;;;;;;;;;;;;;;;;;;;;;;;;;;;;;;;;;;;;;;;;;;;;;;;;;;;;;;;;;;;;;;;;;;;;;;;;;;;;;;;;;;;;;;;;;;;;;;;;;;;;;;;;;;;;;;;;;;;;;;;;;;;;;;;;362.914;5.644.366;;;;;;;;;;;;;;;;;;;;;;;;;;;;;;;;;;;;;;50,93461042;7,04902763;;;;;;;;;;;;;;;;;;;;;;;;;;;;;;;;;780;5008021A5008040A;2,178;Ri1_ist_VonNK;3.416;580;4;4;;;;;;;;;;;;;;;;;Baustelle in 2022;
5008;5673;AD Heumar (S);5;NW;A;3;;8+1;Köln;AD Dreieck Heumar (A4/A59);N;Frankfurt a. Main;AS Königsforst;S;6;1,0;;;;;;;;;;;;;;;;;;;;;;;;;;;;;;;;;;;;;;;;;;;;;;;;;;;;;;;;;;;;;;;;;;;;;;;;;;;;;;;;;;;;;;;;;;;;;;;;;;;;;;;;;;;;;;;;;;;;;;;;;;;;;;;;;;;;;;;;;;;;365.841;5.642.496;;;;;;;;;;;;;;;;;;;;;;;;;;;;;;;;;;;;;;50,91849010;7,09134656;;;;;;;;;;;;;;;;;;;;;;;;;;;;;;;;;770;5008040A5008045A;2,315;Ri1_ist_VonNK;3.453;4.416;3;3;;;;;;;;;;;;;;;;;Baustelle in 2022;
5209;5058;AK BN-Siegburg (N);5;NW;A;3;;8+1;Köln;AS Lohmar;N;Frankfurt a. Main;AK Kreuz Bonn-Siegburg (A560);S;6;22,8;;;;;;;;;;;;;;;;;;;;;;;;;;;;;;;;;;;;;;;;;;;;;;;;;;;;;;;;;;;;;;;;;;;;;;;;;;;;;;;;;;;;;;;;;;;;;;;;;;;;;;;;;;;;;;;;;;;;;;;;;;;;;;;;;;;;;;;;;;;;376.098;5.626.922;;;;;;;;;;;;;;;;;;;;;;;;;;;;;;;;;;;;;;50,78080043;7,24245544;;;;;;;;;;;;;;;;;;;;;;;;;;;;;;;;;750;5109010A5209066A;5,395;Ri1_ist_VonNK;672;2.598;3;3;;;;;;;;;;;;;;;;;Baustelle in 2022;
5209;5631;AK BN-Siegburg (S);5;NW;A;3;;8+1;Köln;AK Kreuz Bonn/Siegburg (A560);N;Frankfurt a. Main;AS Siebengebirge;S;6;24,8;;;;;;;;;;;;;;;;;;;;;;;;;;;;;;;;;;;;;;;;;;;;;;;;;;;;;;;;;;;;;;;;;;;;;;;;;;;;;;;;;;;;;;;;;;;;;;;;;;;;;;;;;;;;;;;;;;;;;;;;;;;;;;;;;;;;;;;;;;;;375.685;5.621.153;;;;;;;;;;;;;;;;;;;;;;;;;;;;;;;;;;;;;;50,72885478;7,23855953;;;;;;;;;;;;;;;;;;;;;;;;;;;;;;;;;740;5209066A5309021A;5,526;Ri1_ist_VonNK;3.510;677;3;3;;;;;;;;;;;;;;;;;Baustelle in 2022;
4607;5065;AK Breitscheid (S);5;NW;A;3;;8+1;Oberhausen;AK Kreuz Breitscheid (A52);N;Köln;AK Kreuz Ratingen-Ost (A44);S;6;89,9;270;196;51;23;106.759;52.382;54.377;109.130;53.791;55.340;110.057;53.905;56.152;93.785;45.218;48.567;+15,7;+15,0;+10,5;+27,4;13.424;6.427;6.997;16.134;7.739;8.395;14.057;6.791;7.266;2.511;1.072;1.439;+8,0;+7,8;+7,7;+14,1;12,6;14,8;12,8;2,7;1,01;0,88;1,05;5.924;11,5;1.497;20,7;6.410;12,4;4.466;8,0;;;;;;;;;;;;;;;;;;D;D;D;B;B;D;8;17;G;8;;C;;;B;8;;C;;;C;;;D;16;;A;;;C;15;;D;18;;86,0;10,0;0,3;1,4;3,1;9,4;7,5;0,1;0,0;83,9;10,8;0,2;1,3;3,6;11,1;8,9;0,1;0,0;85,6;10,0;0,3;1,7;3,2;9,5;7,7;0,1;0,0;95,7;6,3;0,5;1,6;1,0;1,5;1,2;0,1;0,0;351.181;5.690.555;110.972;54.338;56.634;17.824;8.497;9.327;101.559;51.303;50.256;4.907;2.682;2.226;;;;;;;;;;;;;;;;;110.560;54.240;56.320;18.141;8.640;9.501;16,4;15,9;16,9;51,34676233;6,86307597;4.454;4.564;8,5;8,4;7,9;12,3;5,7;8,3;8,2;8,1;54.964;57.365;0,87;0,89;0,94;1,01;1,07;1,02;0,98;0,86;5.598;219;574;19;4.098;84;273;11;1.185;58;252;2;860;4607056A4707075A;0,485;Ri1_ist_VonNK;475;2.416;3;3;26.488;4,12;0,32;2.762.235;28.852;4,12;0,32;3.001.788;52;1.598;4.777;3.898;49;1.728;5.219;4.147;;
4707;5655;AK Hilden (N);5;NW;A;3;;8+1;Oberhausen;AS Mettmann;N;Köln;AK Kreuz Hilden (A46);S;6;96,5;;;;;;;;;;;;;;;;;;;;;;;;;;;;;;;;;;;;;;;;;;;;;;;;;;;;;;;;;;;;;;;;;;;;;;;;;;;;;;;;;;;;;;;;;;;;;;;;;;;;;;;;;;;;;;;;;;;;;;;;;;;;;;;;;;;;;;;;;;;;354.904;5.676.188;;;;;;;;;;;;;;;;;;;;;;;;;;;;;;;;;;;;;;51,21861856;6,92233632;;;;;;;;;;;;;;;;;;;;;;;;;;;;;;;;;850;4707027A4807074A;4,770;Ri1_ist_VonNK;4.346;1.507;3;3;;;;;;;;;;;;;;;;;Baustelle in 2022;
4807;5657;AK Hilden (S);5;NW;A;3;;8+1;AK Hilden;AK Kreuz Hilden;N;Köln;AS Solingen;S;6;98,1;;;;;;;;;;;;;;;;;;;;;;;;;;;;;;;;;;;;;;;;;;;;;;;;;;;;;;;;;;;;;;;;;;;;;;;;;;;;;;;;;;;;;;;;;;;;;;;;;;;;;;;;;;;;;;;;;;;;;;;;;;;;;;;;;;;;;;;;;;;;357.801;5.668.588;;;;;;;;;;;;;;;;;;;;;;;;;;;;;;;;;;;;;;51,15105228;6,96680084;;;;;;;;;;;;;;;;;;;;;;;;;;;;;;;;;840;4807074A4807009A;5,219;Ri1_ist_VonNK;2.484;5.365;3;3;;;;;;;;;;;;;;;;;Baustelle in 2022;
4908;5003;AK Leverkusen (N);5;NW;A;3;;8+1;Oberhausen;AS Opladen;N;Köln;AK Kreuz Leverkusen (A1);S;8;114,3;260;178;54;28;132.189;64.976;67.213;135.561;66.635;68.926;134.768;65.960;68.808;116.371;57.548;58.823;+21,9;+20,8;+18,7;+32,0;15.295;7.593;7.702;18.238;9.049;9.189;16.000;8.002;7.997;3.417;1.639;1.778;+10,6;+10,5;+9,9;+19,3;11,6;13,5;11,9;2,9;0,99;0,89;1,03;7.303;10,6;1.917;19,0;7.824;11,3;5.742;7,6;;;;;;;;;;;;;;;;;;D;D;B;D;B;D;8;17;C;;;C;;;C;;;C;;;C;;;E;16;;A;;;D;19;;C;15;;87,0;9,2;0,3;1,0;3,6;7,9;6,5;0,1;0,4;85,3;9,7;0,2;0,9;4,0;9,3;7,6;0,1;0,4;86,5;9,5;0,3;1,2;3,6;8,1;6,7;0,1;0,4;95,6;6,6;0,5;1,1;1,5;1,3;1,1;0,2;0,3;359.973;5.657.023;137.122;66.975;70.147;19.971;9.844;10.128;126.838;64.002;62.836;6.566;3.668;2.898;;;;;;;;;;;;;;;;;137.180;67.059;70.121;20.321;10.001;10.320;14,8;14,9;14,7;51,04765248;7,00231375;5.251;5.432;8,1;8,1;6,9;11,2;4,4;6,8;7,8;7,7;67.501;71.799;0,91;0,87;0,97;0,99;1,05;1,01;1,00;0,89;6.911;309;577;26;5.292;132;303;15;1.549;79;286;3;820;4907066A4908018A;1,200;Ri1_ist_VonNK;2.262;1.958;4;4;30.079;3,96;0,31;2.893.591;30.517;3,96;0,31;2.927.162;91;2.332;5.170;4.280;76;2.369;5.257;4.270;;
4908;5676;AK Leverkusen (S);5;NW;A;3;;8+1;Oberhausen;AK Kreuz Leverkusen (A1);N;Köln;AS Leverkusen-Zentrum;S;8;115,8;296;188;62;46;171.184;84.553;86.631;175.285;86.522;88.762;174.213;85.972;88.241;152.082;75.423;76.659;+13,7;+13,8;+8,0;+22,4;24.741;12.231;12.510;29.511;14.587;14.924;26.032;12.930;13.102;5.307;2.558;2.749;+8,7;+8,3;+9,0;+13,8;14,5;16,8;14,9;3,5;0,99;0,88;1,01;9.360;13,1;2.678;24,0;9.966;13,9;7.543;9,8;;;;;;;;;;;;;;;;;;D;D;B;D;B;C;;;C;;;C;;;C;;;C;;;C;;;A;;;A;;;A;;;A;;;84,2;9,4;0,3;1,0;3,9;10,4;8,4;0,1;0,3;81,9;9,8;0,2;0,9;4,4;12,3;10,0;0,1;0,3;83,5;9,6;0,3;1,2;4,0;10,8;8,7;0,1;0,3;95,1;7,3;0,4;1,2;1,6;1,7;1,4;0,2;0,3;360.438;5.655.382;177.457;87.200;90.257;32.372;15.942;16.430;163.192;82.434;80.758;10.559;5.595;4.964;;;;;;;;;;;;;;;;;177.497;87.247;90.250;32.895;16.186;16.709;18,5;18,6;18,5;51,03301976;7,00958203;6.371;6.581;7,5;7,6;4,6;13,0;2,4;8,7;7,3;7,3;88.420;90.812;0,89;0,87;0,96;1,03;1,04;0,99;0,96;0,88;8.551;428;959;28;6.785;199;542;17;2.032;124;518;4;810;4908018A4908009A;1,000;Ri1_ist_VonNK;3.405;2.263;4;4;50.064;4,09;0,32;4.910.933;50.384;4,03;0,31;4.884.439;120;3.148;8.963;7.251;110;3.545;8.855;7.175;;
4506;5665;AK OB-West (N);5;NW;A;3;;8+1;Emmerich;AS Oberhausen-Holten;N;Oberhausen;AK Kreuz Oberhausen-West (A42);S;7;478,5;;;;;;;;;;;;;;;;;;;;;;;;;;;;;;;;;;;;;;;;;;;;;;;;;;;;;;;;;;;;;;;;;;;;;;;;;;;;;;;;;;;;;;;;;;;;;;;;;;;;;;;;;;;;;;;;;;;;;;;;;;;;;;;;;;;;;;;;;;;;348.471;5.706.819;;;;;;;;;;;;;;;;;;;;;;;;;;;;;;;;;;;;;;51,49217975;6,81724475;;;;;;;;;;;;;;;;;;;;;;;;;;;;;;;;;910;4406029A4506111A;2,459;Ri1_ist_VonNK;459;2.400;3;4;;;;;;;;;;;;;;;;;Datenprobleme in 2022;
4506;5667;AK OB-West (S);5;NW;A;3;;8+1;Oberhausen;AK Kreuz Oberhausen-West (A42);N;Köln;AS Oberhausen-Lirich;S;6;480,1;187;135;24;28;131.475;63.850;67.625;134.773;65.698;69.075;137.064;66.756;70.308;112.186;53.324;58.862;+16,8;+14,4;+16,2;+30,0;19.110;9.530;9.580;22.814;11.385;11.429;20.118;10.097;10.022;4.011;1.890;2.122;;;;;14,5;16,9;14,7;3,6;1,02;0,89;1,10;7.221;13,6;1.992;21,1;7.791;14,6;5.513;9,6;;;;;;;;;;;;;;;;;;D;D;D;E;D;E;16;;C;;;C;;;C;;;C;;;C;;;D;13;;A;;;C;14;;C;15;;83,5;8,1;1,2;1,0;4,1;10,3;8,6;0,1;0,9;81,1;8,3;1,1;1,0;4,5;12,3;10,2;0,1;1,0;83,2;8,2;1,2;1,2;4,1;10,5;8,7;0,1;0,9;94,5;6,7;1,4;1,2;1,9;1,5;1,3;0,1;0,7;348.155;5.705.691;137.275;66.487;70.788;25.085;12.480;12.605;125.996;63.419;62.577;7.865;4.194;3.671;;;;;;;;;;;;;;;;;136.535;66.130;70.404;25.487;12.666;12.820;18,7;19,2;18,2;51,48196416;6,81317061;5.530;5.489;8,7;8,1;13,2;14,5;9,6;9,7;8,4;7,8;64.718;71.970;0,93;0,86;1,03;0,96;1,13;1,08;1,08;0,82;6.566;348;788;89;4.909;155;373;76;1.547;89;331;25;900;4506111A4506052A;0,624;Ri1_ist_VonNK;3.318;462;3;3;38.602;4,05;0,31;3.980.783;38.635;4,03;0,31;3.982.409;75;2.634;6.821;5.623;94;2.707;6.779;5.683;;
5309;5006;Bad Honnef/Linz;5;NW;A;3;;8+1;Köln;AS Siebengebirge;N;Frankfurt a. Main;AS Bad Honnef/Linz;S;6;37,0;66;50;9;7;79.728;39.043;40.684;78.450;38.432;40.018;83.195;40.582;42.613;80.181;39.409;40.772;+10,3;+12,6;-1,5;+19,9;12.637;6.146;6.491;15.210;7.396;7.813;13.385;6.587;6.798;2.092;923;1.168;+0,0;+1,5;-4,3;-4,0;15,9;19,4;16,1;2,6;1,06;1,00;1,11;4.345;13,7;1.276;30,6;4.620;14,0;3.521;12,4;;;;;;;;;;;;;;;;;;C;C;D;D;D;C;;;C;;;C;;;C;;;C;;;E;16;;D;13;;B;12;;C;17;;A;;;82,2;11,1;0,2;1,7;1,5;14,0;11,4;0,3;0,2;78,9;11,9;0,2;1,6;1,9;17,3;14,0;0,2;0,2;81,6;11,1;0,3;2,1;1,6;14,2;11,6;0,3;0,2;95,3;8,2;0,4;1,8;0,4;1,9;1,6;0,3;0,2;379.621;5.615.022;80.061;38.989;41.072;16.449;7.940;8.509;77.579;38.874;38.705;6.538;3.580;2.958;;;;;;;;;;;;;;;;;78.952;38.499;40.453;16.738;8.062;8.676;21,2;20,9;21,4;50,67457054;7,29630032;3.646;3.805;9,3;9,4;1,1;10,0;0,5;8,5;9,5;9,4;38.632;39.698;1,00;1,00;0,91;1,00;1,12;1,11;0,99;0,91;3.960;85;562;13;3.077;45;393;7;884;30;360;1;730;5309021A5309027A;2,032;Ri1_ist_VonNK;1.621;3.514;3;3;27.712;4,51;0,34;3.073.965;29.128;4,49;0,34;3.219.434;105;571;5.470;4.454;105;661;5.725;4.649;;
4607;5002;Breitscheid;5;NW;A;3;;8+1;Oberhausen;AS Duisburg-Wedau;N;Köln;AK Kreuz Breitscheid (A52);S;6;88,5;90;69;13;8;115.417;55.525;59.892;118.329;56.993;61.336;118.918;57.158;61.760;100.171;48.002;52.169;+13,5;+13,3;+7,9;+24,1;14.938;7.191;7.747;17.910;8.619;9.291;15.519;7.541;7.978;3.102;1.417;1.685;+7,5;+7,4;+6,8;+15,6;12,9;15,1;13,1;3,1;1,00;0,87;1,05;6.376;12,0;1.675;20,2;6.900;12,9;4.804;8,2;;;;;;;;;;;;;;;;;;D;D;B;B;B;D;8;16;G;8;;C;;;B;8;;C;;;C;;;D;14;;A;;;C;15;;D;18;;85,3;8,1;0,2;1,0;3,5;9,3;7,7;0,1;0,8;83,1;8,5;0,2;0,9;4,0;11,1;9,1;0,1;0,8;85,0;8,3;0,2;1,1;3,5;9,5;7,8;0,1;0,9;95,2;6,2;0,5;1,1;1,6;1,4;1,2;0,1;0,6;348.254;5.695.277;120.452;57.562;62.891;19.744;9.445;10.299;108.898;54.478;54.420;5.529;3.040;2.489;;;;;;;;;;;;;;;;;120.119;57.433;62.686;20.123;9.609;10.514;16,8;16,7;16,8;51,38841477;6,81907187;4.718;5.095;8,5;8,5;9,3;12,9;6,3;8,7;8,2;8,1;58.420;63.602;0,87;0,88;0,97;1,00;1,06;1,04;0,99;0,86;5.995;267;620;18;4.399;108;286;10;1.335;66;273;2;880;4506110H4607056A;2,671;Ri1_ist_VonNK;2.413;4.271;3;3;29.212;4,06;0,31;3.013.381;31.498;4,07;0,31;3.254.678;41;1.968;5.182;4.265;50;2.107;5.590;4.630;;
4103;5071;Elten;5;NW;A;3;;8+1;Arnheim (NL);AS GÜG Elten;N;Emmerich;AS Elten;S;4;1,0;235;158;54;23;37.804;18.580;19.224;36.413;18.156;18.257;42.988;21.077;21.911;36.545;17.051;19.494;+31,5;+28,6;+24,5;+57,5;5.405;2.661;2.744;6.466;3.188;3.278;5.668;2.804;2.863;1.111;514;597;-3,2;-3,3;-3,1;-1,4;14,3;17,8;13,2;3,0;1,18;1,06;1,25;2.112;13,5;502;20,7;2.259;14,2;1.672;10,8;;;;;;;;;;;;;;;;;;D;C;F;E;D;C;;;E;17;;C;;;C;;;C;;;E;15;;B;12;;B;13;;B;13;;D;18;;84,0;7,9;0,4;1,7;2,4;11,7;10,1;0,2;0,0;80,8;8,2;0,4;1,5;2,8;14,8;12,8;0,2;0,0;84,7;7,7;0,5;2,1;2,2;10,8;9,3;0,2;0,0;94,9;7,2;0,7;2,1;1,0;1,8;1,5;0,2;0,0;305.896;5.752.019;37.377;18.456;18.921;7.144;3.501;3.642;41.350;20.971;20.379;2.015;1.108;907;;;;;;;;;;;;;;;;;35.722;17.730;17.991;7.265;3.560;3.705;20,3;20,1;20,6;51,88510268;6,17951768;2.081;2.218;11,2;11,5;1,6;3,8;1,0;1,9;11,7;12,3;16.336;17.126;0,99;1,13;1,03;1,02;1,38;1,13;1,22;1,06;1.926;59;262;12;1.486;35;145;5;397;15;88;1;940;4002001O4103002A;2,108;Ri1_ist_VonNK;367;2.301;2;2;11.538;4,34;0,33;1.391.815;11.903;4,34;0,33;1.438.863;36;441;2.184;1.875;39;453;2.251;1.961;;
4306;5001;Hünxe;5;NW;A;3;;8+1;Emmerich;AS Hünxe;N;Oberhausen;AS Dinslaken-Nord;S;4;54,2;;;;;;;;;;;;;;;;;;;;;;;;;;;;;;;;;;;;;;;;;;;;;;;;;;;;;;;;;;;;;;;;;;;;;;;;;;;;;;;;;;;;;;;;;;;;;;;;;;;;;;;;;;;;;;;;;;;;;;;;;;;;;;;;;;;;;;;;;;;;344.775;5.721.689;;;;;;;;;;;;;;;;;;;;;;;;;;;;;;;;;;;;;;51,62478463;6,75747458;;;;;;;;;;;;;;;;;;;;;;;;;;;;;;;;;930;4306001A4406002A;2,163;Ri1_ist_VonNK;1.415;3.308;2;2;;;;;;;;;;;;;;;;;Baustelle in 2022;
4908;5004;Leverkusen;5;NW;A;3;;8+1;Oberhausen;AS Leverkusen;N;Köln;AS Köln-Mülheim;S;6;118,1;249;154;53;42;165.522;81.643;83.880;168.360;83.002;85.358;169.702;83.585;86.118;149.708;74.141;75.568;+15,0;+14,9;+10,0;+23,5;21.940;10.967;10.973;26.452;13.204;13.248;23.012;11.567;11.446;3.738;1.857;1.881;+8,6;+8,3;+9,5;+8,5;13,3;15,7;13,6;2,5;1,01;0,89;1,02;9.032;11,9;2.626;22,7;9.589;12,7;7.361;8,6;;;;;;;;;;;;;;;;;;D;D;B;D;B;C;;;C;;;C;;;C;;;C;;;C;;;A;;;A;;;A;;;D;18;;85,6;8,8;0,5;1,2;2,5;10,6;8,6;0,2;0,0;83,2;9,5;0,4;1,1;2,9;12,6;10,2;0,2;0,0;85,1;8,9;0,5;1,4;2,5;10,8;8,8;0,2;0,0;96,2;5,7;0,6;1,3;0,7;1,6;1,4;0,2;0,0;360.674;5.652.142;170.380;83.623;86.757;29.122;14.476;14.646;160.533;80.845;79.688;8.488;4.648;3.840;;;;;;;;;;;;;;;;;169.918;83.400;86.518;29.651;14.723;14.927;17,4;17,7;17,3;51,00395932;7,01419501;6.184;6.270;7,6;7,5;6,4;9,4;4,9;7,4;7,4;7,2;84.593;87.361;0,91;0,87;0,96;1,02;1,05;1,00;0,98;0,88;8.323;281;939;46;6.691;105;530;35;2.019;82;514;11;800;4908009A5008002A;2,219;Ri1_ist_VonNK;4.362;1.522;3;3;46.763;4,26;0,33;5.010.596;46.814;4,27;0,33;5.017.003;173;2.055;8.738;7.097;176;2.041;8.755;7.080;;
4406;5070;Oberhausen-Holten;5;NW;A;3;;8+1;Emmerich;AK Kreuz Oberhausen (A2/A516);N;Oberhausen;AS Oberhausen-Holten;S;6;1,5;;;;;;;;;;;;;;;;;;;;;;;;;;;;;;;;;;;;;;;;;;;;;;;;;;;;;;;;;;;;;;;;;;;;;;;;;;;;;;;;;;;;;;;;;;;;;;;;;;;;;;;;;;;;;;;;;;;;;;;;;;;;;;;;;;;;;;;;;;;;348.418;5.710.349;;;;;;;;;;;;;;;;;;;;;;;;;;;;;;;;;;;;;;51,52388995;6,81495654;;;;;;;;;;;;;;;;;;;;;;;;;;;;;;;;;920;4407091A4406029A;2,055;Ri1_ist_VonNK;3.974;565;3;3;;;;;;;;;;;;;;;;;Datenprobleme in 2022;
4807;5033;Opladen II;5;NW;A;3;;8+1;Oberhausen;AK Kreuz Langenfeld (A542);N;Köln;AS Opladen;S;6;123,8;261;177;54;30;117.148;57.224;59.924;119.112;58.194;60.918;119.879;58.307;61.572;106.406;52.251;54.155;+28,2;+27,2;+25,1;+37,1;12.596;6.226;6.369;15.209;7.515;7.694;13.164;6.568;6.597;2.119;983;1.137;+10,7;+10,8;+10,5;+10,3;10,8;12,8;11,0;2,0;1,01;0,93;1,05;6.465;9,7;1.713;18,7;6.918;10,4;5.106;6,9;;;;;;;;;;;;;;;;;;D;D;D;D;B;C;;;C;;;C;;;C;;;C;;;C;;;A;;;A;;;C;15;;A;;;88,0;9,6;0,5;1,2;2,1;8,5;6,9;0,2;0,0;86,2;10,5;0,4;1,1;2,5;10,1;8,3;0,2;0,0;87,6;9,7;0,5;1,5;2,1;8,7;7,1;0,2;0,0;96,6;5,9;0,7;1,4;0,6;1,2;1,1;0,2;0,0;359.016;5.658.972;120.331;58.388;61.943;16.744;8.217;8.527;114.327;57.422;56.905;4.783;2.731;2.053;;;;;;;;;;;;;;;;;120.059;58.305;61.754;17.066;8.361;8.705;14,2;14,3;14,1;51,06493189;6,98791242;4.724;4.905;8,3;8,2;5,2;9,7;4,1;6,7;8,1;7,9;58.724;62.563;0,96;0,91;0,96;1,00;1,07;1,04;1,03;0,91;6.166;171;548;33;4.734;59;293;21;1.387;45;275;7;830;4807101A4907066A;5,444;Ri1_ist_VonNK;3.400;558;3;3;26.467;4,25;0,33;2.833.138;27.008;4,24;0,33;2.883.978;101;1.198;4.926;4.033;97;1.258;5.015;4.102;;
5109;5005;Siegburg;5;NW;A;3;;8+1;Köln;AS Lohmar;N;Frankfurt a. Main;AK Kreuz Bonn-Siegburg (A560);S;6;18,8;;;;;;;;;;;;;;;;;;;;;;;;;;;;;;;;;;;;;;;;;;;;;;;;;;;;;;;;;;;;;;;;;;;;;;;;;;;;;;;;;;;;;;;;;;;;;;;;;;;;;;;;;;;;;;;;;;;;;;;;;;;;;;;;;;;;;;;;;;;;374.102;5.630.774;;;;;;;;;;;;;;;;;;;;;;;;;;;;;;;;;;;;;;50,81499221;7,21283872;;;;;;;;;;;;;;;;;;;;;;;;;;;;;;;;;760;5109010A5209066A;1,026;Ri1_ist_VonNK;672;2.598;3;3;;;;;;;;;;;;;;;;;Datenprobleme in 2022;
5102;5072;AC-Vetschau;5;NW;A;4;;8+1;Aachen;AS Aachen-Laurensberg;O;Heerlen (NL);AS GÜG Vetschau;W;4;0,5;297;202;63;32;36.262;17.380;18.881;36.004;17.185;18.819;39.324;18.898;20.426;33.407;16.217;17.190;+35,4;+31,0;+31,0;+66,2;6.661;3.291;3.370;8.035;3.967;4.068;7.088;3.476;3.612;994;531;463;+4,1;+2,8;+8,1;+10,6;18,4;22,3;18,0;3,0;1,09;0,95;1,20;2.058;17,5;417;26,5;2.222;18,7;1.564;12,6;;;;;;;;;;;;;;;;;;B;C;E;D;E;C;;;E;17;;C;;;E;17;;C;;;E;16;;D;14;;D;12;;G;18;;E;13;;80,3;8,0;0,5;1,3;2,6;15,6;13,8;0,2;0,0;76,5;8,2;0,4;1,2;3,0;19,1;17,0;0,2;0,0;80,4;8,0;0,6;1,5;2,5;15,3;13,6;0,2;0,0;95,5;7,4;1,0;1,6;1,2;1,6;1,4;0,2;0,0;290.737;5.633.381;36.560;17.515;19.045;8.892;4.395;4.497;38.165;18.091;20.075;2.497;1.177;1.320;;;;;;;;;;;;;;;;;35.691;17.055;18.636;9.027;4.468;4.560;25,3;26,2;24,5;50,81429594;6,02932951;1.883;2.217;10,8;11,7;2,3;11,7;1,0;9,6;11,0;11,9;16.454;17.693;0,96;0,93;0,99;1,01;1,15;1,25;1,02;1,08;1.793;62;354;14;1.360;35;163;6;306;17;94;0;10;5102028O5102029A;0,582;Ri1_ist_NachNK;2.901;972;2;2;14.559;4,42;0,33;1.779.750;14.834;4,4;0,33;1.808.540;34;452;2.804;2.492;41;486;2.843;2.510;;
5008;5021;AD Heumar (W);5;NW;A;4;;8+1;Olpe;AD Dreieck Heumar (A3, A59);O;Aachen;AK Kreuz Gremberg (A559);W;6;80,4;;;;;;;;;;;;;;;;;;;;;;;;;;;;;;;;;;;;;;;;;;;;;;;;;;;;;;;;;;;;;;;;;;;;;;;;;;;;;;;;;;;;;;;;;;;;;;;;;;;;;;;;;;;;;;;;;;;;;;;;;;;;;;;;;;;;;;;;;;;;362.371;5.642.678;;;;;;;;;;;;;;;;;;;;;;;;;;;;;;;;;;;;;;50,91931084;7,04193767;;;;;;;;;;;;;;;;;;;;;;;;;;;;;;;;;120;5008038A5008040D;1,062;Ri1_ist_NachNK;3.664;2.748;3;3;;;;;;;;;;;;;;;;;Baustelle in 2022;
5103;5651;AK Aachen (O);5;NW;A;4;;8+1;Köln;AS Eschweiler;O;Aachen;AK Kreuz Aachen (A44);W;6;12,0;182;128;43;11;73.316;36.815;36.501;76.977;38.565;38.412;75.840;38.256;37.584;56.488;28.477;28.011;+12,3;+10,5;+9,1;+28,7;12.981;6.502;6.480;15.510;7.757;7.754;13.658;6.796;6.863;2.685;1.444;1.241;+1,0;-0,1;+4,5;+3,4;17,7;20,1;18,0;4,8;0,99;0,72;1,06;4.109;16,6;947;27,0;4.475;17,4;3.010;13,2;;;;;;;;;;;;;;;;;;D;D;C;B;B;E;17;;B;8;;E;17;;B;8;;D;8;17;C;;;A;;;B;13;;D;18;;C;13;;80,6;9,0;0,2;0,9;3,9;13,6;12,1;0,3;0,8;78,3;8,8;0,2;0,8;4,2;15,7;14,0;0,3;0,8;80,2;9,2;0,3;1,0;3,9;13,8;12,3;0,3;0,8;93,4;9,3;0,4;1,1;2,2;2,2;2,0;0,3;0,8;303.361;5.632.871;78.949;39.635;39.314;16.783;8.425;8.358;65.757;32.929;32.828;6.638;3.116;3.522;;;;;;;;;;;;;;;;;79.066;39.629;39.437;17.089;8.585;8.503;21,6;21,7;21,6;50,81414195;6,20857313;3.533;3.428;9,6;9,4;15,9;15,8;12,4;11,8;8,9;8,7;40.211;39.203;0,72;0,71;0,97;0,99;1,06;1,07;0,81;0,82;3.684;187;592;12;2.606;98;300;7;690;51;205;1;40;5103027A5103022A;2,950;Ri1_ist_NachNK;1.951;43;3;3;27.288;4,2;0,33;2.915.122;27.222;4,2;0,33;2.909.009;99;1.429;4.973;4.445;100;1.412;4.968;4.421;;
5103;5654;AK Aachen (W);5;NW;A;4;;8+1;Köln;AK Kreuz Aachen (A544);O;Aachen;AS Aachen-Zentrum;W;8;10,5;;;;;;;;;;;;;;;;;;;;;;;;;;;;;;;;;;;;;;;;;;;;;;;;;;;;;;;;;;;;;;;;;;;;;;;;;;;;;;;;;;;;;;;;;;;;;;;;;;;;;;;;;;;;;;;;;;;;;;;;;;;;;;;;;;;;;;;;;;;;300.201;5.631.931;;;;;;;;;;;;;;;;;;;;;;;;;;;;;;;;;;;;;;50,80461596;6,16429080;;;;;;;;;;;;;;;;;;;;;;;;;;;;;;;;;30;5102082D5102082E;0,324;Ri1_ist_NachNK;3.828;1.937;4;4;;;;;;;;;;;;;;;;;Datenprobleme in 2022;
5106;5624;AK Kerpen (O);5;NW;A;4;;8+1;Köln;AK Kreuz Köln-West (A1);O;Aachen;AK Kreuz Kerpen (A61);W;6;51,4;;;;;;;;;;;;;;;;;;;;;;;;;;;;;;;;;;;;;;;;;;;;;;;;;;;;;;;;;;;;;;;;;;;;;;;;;;;;;;;;;;;;;;;;;;;;;;;;;;;;;;;;;;;;;;;;;;;;;;;;;;;;;;;;;;;;;;;;;;;;338.385;5.640.991;;;;;;;;;;;;;;;;;;;;;;;;;;;;;;;;;;;;;;50,89793813;6,70170677;;;;;;;;;;;;;;;;;;;;;;;;;;;;;;;;;80;5106058A5006104O;0,590;Ri1_ist_NachNK;5.765;5.764;3;3;;;;;;;;;;;;;;;;;Datenprobleme in 2022;
5106;5622;AK Kerpen (W);5;NW;A;4;;8+1;Köln;AK Kreuz Kerpen (A61);O;Aachen;AS Kerpen;W;6;50,4;;;;;;;;;;;;;;;;;;;;;;;;;;;;;;;;;;;;;;;;;;;;;;;;;;;;;;;;;;;;;;;;;;;;;;;;;;;;;;;;;;;;;;;;;;;;;;;;;;;;;;;;;;;;;;;;;;;;;;;;;;;;;;;;;;;;;;;;;;;;337.662;5.640.444;;;;;;;;;;;;;;;;;;;;;;;;;;;;;;;;;;;;;;50,89281951;6,69167857;;;;;;;;;;;;;;;;;;;;;;;;;;;;;;;;;70;5106059A5106058A;0,299;Ri1_ist_NachNK;93;2.984;3;3;;;;;;;;;;;;;;;;;Datenprobleme in 2022;
5008;5015;Bensbg.Frankenforst;5;NW;A;4;;8+1;Olpe;AS Berg. Gladbach-Bensberg;O;Köln;AS Berg. Gladbach-Frankenforst;W;4;92,6;268;175;63;30;73.057;36.610;36.447;76.953;38.681;38.272;72.397;36.386;36.010;59.316;29.145;30.172;+8,3;+8,9;+3,4;+13,4;7.250;3.601;3.649;8.941;4.436;4.505;7.431;3.691;3.740;708;368;340;+4,3;+4,5;+3,7;+3,0;9,9;11,6;10,3;1,2;0,94;0,80;1,06;4.141;9,2;850;16,9;4.506;10,1;3.047;5,4;;;;;;;;;;;;;;;;;;D;D;A;B;B;E;17;;B;8;;E;17;;B;8;;E;16;;C;;;D;15;;D;13;;C;15;;D;18;;89,1;8,8;0,6;1,0;2,1;7,7;6,3;0,1;0,0;87,5;9,5;0,4;0,9;2,5;9,1;7,4;0,1;0,0;88,7;9,0;0,7;1,1;2,2;7,9;6,5;0,1;0,0;97,7;5,3;1,0;1,1;0,4;0,7;0,6;0,1;0,0;369.671;5.645.930;77.778;39.130;38.648;9.878;4.915;4.963;66.296;33.154;33.143;2.192;1.027;1.165;;;;;;;;;;;;;;;;;78.710;39.614;39.096;10.148;5.045;5.103;12,9;12,7;13,1;50,95023279;7,14457682;3.575;3.568;9,8;9,8;6,0;8,3;4,5;6,3;9,0;9,1;40.671;39.855;0,79;0,82;0,96;0,96;1,07;1,06;0,87;0,86;4.026;110;343;27;2.864;27;138;18;703;25;118;3;130;5008030A5009015A;1,168;Ri1_ist_NachNK;186;3.061;2;2;15.124;4,2;0,32;1.776.410;15.371;4,21;0,32;1.807.950;35;782;2.784;2.269;33;778;2.838;2.313;;
5105;5082;Buir / Merzenich;5;NW;A;4;;8+1;Köln;AS Elsdorf;O;Aachen;AS Merzenich;W;6;39,2;261;179;54;28;72.664;36.107;36.556;75.339;37.364;37.975;75.082;37.653;37.428;59.651;29.485;30.166;+13,0;+11,5;+10,5;+25,2;12.627;6.287;6.340;15.358;7.638;7.720;13.174;6.553;6.620;1.735;903;832;+1,3;+0,8;+3,8;-5,4;17,4;20,4;17,5;2,9;1,00;0,78;1,07;4.014;16,4;1.054;24,7;4.335;17,4;3.054;12,1;;;;;;;;;;;;;;;;;;D;C;B;B;B;C;;;D;8;17;C;;;D;8;17;C;;;C;;;A;;;A;;;D;18;;A;;;81,5;9,9;0,4;1,2;2,5;14,6;12,7;0,2;0,0;78,6;10,5;0,4;1,1;2,9;17,3;15,0;0,2;0,0;81,1;9,9;0,5;1,3;2,6;14,8;12,8;0,2;0,0;95,7;7,1;0,6;1,4;0,8;1,9;1,7;0,3;0,0;327.561;5.636.426;77.148;38.392;38.756;16.656;8.328;8.328;66.198;32.807;33.392;5.876;2.709;3.166;;;;;;;;;;;;;;;;;77.119;38.275;38.844;17.033;8.513;8.519;22,1;22,2;21,9;50,85378971;6,55007521;3.027;3.398;8,4;9,3;17,1;13,5;14,6;10,9;7,9;8,7;38.350;38.755;0,77;0,78;0,96;0,98;1,07;1,06;0,82;0,85;3.559;126;630;20;2.671;55;315;13;790;33;227;3;60;5105062O5105051O;2,703;Ri1_ist_NachNK;7.644;7.645;3;3;27.628;4,39;0,33;3.024.591;27.858;4,39;0,33;3.049.158;74;918;5.295;4.613;77;924;5.340;4.634;;
5011;5034;Eckenhagen;5;NW;A;4;;8+1;Olpe;AS Eckenhagen;O;Köln;AS Reichshof/Bergneustadt;W;4;133,2;93;70;11;12;36.014;17.719;18.295;37.155;18.416;18.740;36.155;17.720;18.435;31.572;15.116;16.456;+11,8;+12,7;+5,5;+17,6;6.310;3.110;3.200;7.693;3.790;3.903;6.528;3.224;3.305;870;428;442;+4,8;+4,7;+5,6;+0,7;17,5;20,7;18,1;2,8;0,97;0,87;1,14;2.034;16,2;434;29,6;2.226;17,3;1.456;11,1;;;;;;;;;;;;;;;;;;C;C;B;C;D;D;8;17;D;8;17;D;8;17;D;8;17;E;15;;E;18;;A;;;D;13;;C;14;;D;18;;80,4;8,3;0,2;1,1;3,9;13,5;11,6;0,1;1,1;77,1;8,6;0,1;1,0;4,4;16,2;13,9;0,1;1,1;79,7;8,5;0,2;1,2;4,0;14,0;12,1;0,1;1,1;95,4;6,7;0,3;1,1;1,6;1,1;0,9;0,1;0,7;405.973;5.646.892;37.747;18.696;19.051;8.477;4.188;4.289;32.827;16.041;16.785;2.192;1.035;1.157;;;;;;;;;;;;;;;;;37.916;18.814;19.102;8.675;4.281;4.394;22,9;22,8;23,0;50,96595065;7,66096136;1.747;1.858;9,9;10,2;12,3;6,9;8,8;4,9;9,3;9,7;18.938;19.232;0,85;0,89;0,96;0,97;1,16;1,12;0,89;0,87;1.836;93;293;4;1.292;37;125;2;305;23;105;0;160;5011067A5012047A;1,770;Ri1_ist_NachNK;315.380;315.381;2;2;13.086;4,21;0,32;1.541.709;13.434;4,2;0,32;1.582.895;17;691;2.403;2.083;29;709;2.462;2.108;;
5010;5068;Engelskirchen;5;NW;A;4;;8+1;Olpe;AS Engelskirchen;O;Köln;AS Overath;W;4;110,8;301;206;65;30;50.096;24.826;25.270;52.049;25.905;26.143;49.686;24.735;24.951;43.310;20.908;22.402;+10,8;+11,2;+5,0;+17,8;7.198;3.576;3.623;8.797;4.365;4.432;7.351;3.657;3.695;1.032;523;509;+5,2;+5,2;+4,7;+10,1;14,4;16,9;14,8;2,4;0,95;0,87;1,10;2.830;13,4;601;23,6;3.082;14,5;2.074;8,5;;;;;;;;;;;;;;;;;;D;D;A;B;D;D;8;17;B;8;;E;17;;B;8;;E;15;;D;8;18;A;;;D;13;;D;19;;D;18;;83,8;7,1;0,3;0,9;3,6;10,6;8,9;0,1;0,9;81,3;7,4;0,2;0,9;4,1;12,7;10,7;0,2;0,9;83,3;7,4;0,3;1,0;3,7;11,0;9,2;0,1;0,9;96,0;5,2;0,5;0,9;1,3;0,9;0,7;0,1;0,7;385.608;5.647.871;52.507;26.160;26.347;9.674;4.817;4.857;46.374;22.961;23.413;2.436;1.143;1.293;;;;;;;;;;;;;;;;;53.005;26.411;26.595;9.934;4.942;4.993;18,7;18,7;18,8;50,97107101;7,37074022;2.436;2.337;9,8;9,2;10,5;13,4;7,3;10,3;9,2;8,8;26.598;26.649;0,85;0,90;0,96;0,98;1,11;1,09;0,91;0,90;2.628;122;324;8;1.893;45;132;5;459;28;114;1;150;5009039A5010023A;6,077;Ri1_ist_NachNK;3.994;2.111;2;2;14.718;4,12;0,32;1.708.744;14.938;4,12;0,32;1.738.377;35;895;2.645;2.203;36;900;2.687;2.270;;
5007;5053;Köln-Klettenberg;5;NW;A;4;;8+1;Olpe;AS Köln-Klettenberg (B265);O;Aachen;AK Kreuz Köln-West (A1);W;6;63,9;;;;;;;;;;;;;;;;;;;;;;;;;;;;;;;;;;;;;;;;;;;;;;;;;;;;;;;;;;;;;;;;;;;;;;;;;;;;;;;;;;;;;;;;;;;;;;;;;;;;;;;;;;;;;;;;;;;;;;;;;;;;;;;;;;;;;;;;;;;;349.601;5.643.184;;;;;;;;;;;;;;;;;;;;;;;;;;;;;;;;;;;;;;50,92067006;6,86018232;;;;;;;;;;;;;;;;;;;;;;;;;;;;;;;;;100;5007055A5107066A;1,189;Ri1_ist_NachNK;2.556;1.175;3;3;;;;;;;;;;;;;;;;;Datenprobleme in 2022;
5107;5049;Rheinbr. Rodenkirchen;5;NW;A;4;;8+1;Olpe;AS Köln-Poll;O;Aachen;AK Kreuz Köln-Süd (A555);W;6;74,5;;;;;;;;;;;;;;;;;;;;;;;;;;;;;;;;;;;;;;;;;;;;;;;;;;;;;;;;;;;;;;;;;;;;;;;;;;;;;;;;;;;;;;;;;;;;;;;;;;;;;;;;;;;;;;;;;;;;;;;;;;;;;;;;;;;;;;;;;;;;358.241;5.639.991;;;;;;;;;;;;;;;;;;;;;;;;;;;;;;;;;;;;;;50,89415935;6,98425679;;;;;;;;;;;;;;;;;;;;;;;;;;;;;;;;;110;5107012A5008036A;1,560;Ri1_ist_NachNK;2.022;109;3;3;;;;;;;;;;;;;;;;;Datenprobleme in 2022;
5013;5128;Wenden-Dahl;5;NW;A;4;;8+1;Siegen;AS Krombach (B54);O;Köln;AS Wenden (L512);W;4;150,5;253;158;54;41;16.455;8.314;8.142;17.848;8.988;8.860;16.422;8.315;8.107;11.291;5.791;5.500;-1,4;-0,3;-7,5;+3,9;2.033;1.015;1.017;2.514;1.255;1.259;2.102;1.047;1.056;147;80;66;-12,4;-11,9;-14,7;+1,3;12,4;14,1;12,8;1,3;0,92;0,64;1,02;929;11,9;198;16,9;1.035;13,3;612;4,8;;;;;;;;;;;;;;;;;;C;D;A;A;A;D;8;17;B;8;;D;8;17;D;8;17;D;8;15;B;8;;A;;;D;15;;D;18;;C;14;;86,7;8,5;0,4;1,0;3,0;9,2;7,8;0,2;0,0;85,0;9,1;0,3;1,0;3,3;10,6;8,9;0,2;0,0;86,1;8,7;0,5;1,1;3,1;9,6;8,1;0,1;0,0;97,7;4,6;0,8;1,0;0,5;0,7;0,6;0,1;0,0;422.076;5.649.883;18.326;9.240;9.086;2.832;1.412;1.420;13.447;6.784;6.663;371;187;184;;;;;;;;;;;;;;;;;18.615;9.377;9.238;2.902;1.448;1.454;15,6;15,4;15,7;50,99524346;7,88958286;843;825;10,1;10,1;8,2;12,4;6,6;9,0;9,0;8,9;9.477;9.486;0,65;0,63;0,98;0,98;1,02;1,02;0,75;0,74;894;36;101;4;581;6;24;2;164;8;26;0;170;5013053A5013062O;3,667;Ri1_ist_NachNK;5.833;5.834;2;2;4.201;4,14;0,32;491.014;4.213;4,14;0,32;492.828;13;244;758;640;13;244;761;645;;
5102;5008;Würselen;5;NW;A;4;;8+1;Köln;AK Kreuz Aachen (A544);O;Aachen;AS Aachen-Zentrum;W;4;7,9;255;160;60;35;53.339;26.088;27.251;55.613;27.160;28.452;55.751;27.392;28.359;41.836;20.457;21.378;+17,8;+15,4;+16,3;+34,6;7.206;3.552;3.654;8.720;4.295;4.425;7.675;3.762;3.913;961;513;448;+3,4;+2,2;+7,8;+2,1;13,5;15,7;13,8;2,3;1,00;0,76;1,10;3.050;12,8;566;20,7;3.369;13,5;2.095;9,4;;;;;;;;;;;;;;;;;;D;C;D;B;B;E;17;;B;8;;E;17;;B;8;;E;16;;B;8;;D;14;;D;12;;G;18;;B;13;;85,4;8,5;0,5;1,1;2,5;10,9;9,6;0,1;0,0;83,3;8,8;0,4;1,0;2,8;12,8;11,3;0,1;0,0;84,9;8,6;0,6;1,3;2,4;11,2;9,9;0,2;0,0;96,3;6,9;0,9;1,4;0,9;1,2;1,1;0,2;0,0;297.677;5.631.823;57.458;28.118;29.340;9.658;4.764;4.894;46.874;22.859;24.015;2.648;1.244;1.403;;;;;;;;;;;;;;;;;57.178;27.925;29.254;9.808;4.842;4.965;17,2;17,3;17,0;50,80277293;6,12857239;2.740;2.947;10,5;10,8;11,2;10,7;9,4;7,8;9,8;10,1;27.432;29.171;0,75;0,76;1,00;1,01;1,07;1,13;0,80;0,83;2.895;92;364;18;1.889;35;163;8;448;19;99;1;20;5102002A5102082O;1,268;Ri1_ist_NachNK;3.828;1.937;2;2;15.299;4,31;0,33;1.838.753;15.716;4,3;0,33;1.888.351;36;646;2.870;2.545;44;665;2.945;2.591;;
3711;5158;Hörstel;5;NW;A;30;;8+1;Osnabrück;AS Hörstel;O;Rheine;AS Rheine-Kanalhafen;W;4;39,1;288;186;68;34;46.734;23.598;23.136;48.197;24.353;23.844;49.989;25.334;24.655;37.211;18.613;18.598;+10,7;+8,8;+9,2;+24,0;12.474;6.372;6.103;14.909;7.628;7.281;13.169;6.663;6.506;2.507;1.312;1.195;+0,0;-0,1;+0,8;-2,8;26,7;30,9;26,3;6,7;1,04;0,76;1,07;2.607;24,7;627;43,6;2.887;25,2;1.768;21,8;;;;;;;;;;;;;;;;;;C;C;D;B;B;G;8;;D;8;17;D;8;17;D;8;17;D;8;14;D;8;15;D;14;;C;11;13;D;18;;C;15;;70,3;8,7;0,6;1,8;3,7;22,8;19,2;0,2;1,2;66,3;8,9;0,5;1,6;4,1;26,6;22,4;0,2;1,2;70,4;8,7;0,6;2,1;3,7;22,4;19,0;0,3;1,2;89,7;7,9;0,9;2,2;1,8;4,7;4,0;0,3;1,3;402.838;5.794.031;50.273;25.504;24.769;16.221;8.325;7.897;40.756;20.209;20.546;6.006;2.841;3.165;;;;;;;;;;;;;;;;;49.705;25.202;24.502;16.511;8.491;8.021;33,2;33,7;32,7;52,28803791;7,57548970;2.251;2.202;9,5;9,5;24,0;17,1;19,5;13,2;8,9;9,0;25.326;24.564;0,75;0,76;0,97;0,97;1,10;1,05;0,80;0,81;2.142;119;610;16;1.371;47;340;11;351;27;246;3;40;3711032O3711031O;2,300;Ri1_ist_NachNK;673;3.508;2;2;28.124;4,41;0,33;3.413.435;26.971;4,42;0,33;3.280.882;57;879;5.435;4.550;57;835;5.211;4.434;;
3712;5112;Ibbenbüren;5;NW;A;30;;8+1;Osnabrück;AS Lotte;O;Rheine;AS Laggenbeck;W;4;32,9;247;176;50;21;48.048;24.024;24.023;49.709;24.877;24.832;51.036;25.609;25.426;38.114;18.861;19.252;+9,4;+7,6;+8,1;+21,6;12.487;6.313;6.174;14.931;7.565;7.366;13.132;6.575;6.557;2.551;1.310;1.240;-0,1;-0,1;+0,2;-2,3;26,0;30,0;25,7;6,7;1,03;0,74;1,07;2.678;23,9;650;43,1;2.954;24,5;1.851;21,1;;;;;;;;;;;;;;;;;;D;C;D;B;B;B;8;;D;8;17;D;8;18;D;8;17;D;8;15;E;15;;D;14;;C;11;14;D;18;;C;15;;71,2;8,6;0,5;1,7;3,9;21,9;18,3;0,2;1,1;67,3;8,7;0,4;1,5;4,3;25,6;21,3;0,2;1,1;71,1;8,5;0,5;2,0;3,8;21,6;18,1;0,2;1,2;90,0;7,8;0,8;2,1;1,8;4,6;3,9;0,3;1,2;419.226;5.790.009;51.694;25.966;25.728;16.218;8.242;7.976;42.030;20.672;21.358;6.063;2.837;3.227;;;;;;;;;;;;;;;;;51.246;25.726;25.520;16.523;8.414;8.110;32,2;32,7;31,8;52,25453681;7,81666262;2.208;2.284;9,2;9,5;24,3;15,6;19,3;11,6;8,6;8,9;25.543;25.500;0,73;0,76;0,97;0,98;1,09;1,04;0,79;0,82;2.216;126;597;14;1.451;50;341;9;368;30;250;3;60;3712055A3713037A;3,096;Ri1_ist_NachNK;4.483;2.605;2;2;27.783;4,4;0,33;3.362.777;27.004;4,37;0,33;3.259.478;51;906;5.357;4.462;55;947;5.172;4.335;;
3817;5103;Kirchlengern;5;NW;A;30;;8+1;Bad Oeynhausen;AS Kirchlengern;O;Osnabrück;AS Hiddenhausen;W;4;92,6;127;101;13;13;41.629;21.131;20.498;43.858;22.444;21.415;44.117;22.660;21.457;30.194;14.320;15.875;+6,4;+5,4;+7,4;+10,4;8.821;4.455;4.366;10.640;5.386;5.254;9.415;4.746;4.669;1.281;614;667;-1,2;-0,7;+1,1;-27,2;21,2;24,3;21,3;4,2;1,01;0,69;1,06;2.300;19,1;603;36,8;2.535;19,5;1.595;17,2;;;;;;;;;;;;;;;;;;C;D;B;B;B;D;8;17;D;8;17;D;8;17;D;8;17;D;8;15;E;15;;D;14;;A;;;C;15;;D;18;;76,4;8,8;0,5;1,5;2,9;18,1;15,1;0,2;0,8;73,4;8,9;0,4;1,4;3,2;20,8;17,4;0,2;0,9;76,2;9,0;0,5;1,7;2,9;18,3;15,2;0,2;0,8;93,2;7,6;0,8;1,8;1,2;2,8;2,5;0,2;0,7;474.731;5.781.874;45.800;23.473;22.327;11.572;5.861;5.711;34.830;17.773;17.057;4.332;2.146;2.185;;;;;;;;;;;;;;;;;45.568;23.339;22.228;11.767;5.963;5.804;25,8;25,5;26,1;52,18674842;8,63037777;2.129;1.928;10,1;9,4;16,0;14,1;13,5;11,4;9,1;8,7;23.513;22.454;0,64;0,74;0,91;0,99;1,12;1,01;0,76;0,77;2.028;82;414;12;1.312;31;244;8;379;23;199;2;90;3817067A3817080A;1,539;Ri1_ist_NachNK;2.740;801;2;2;19.735;4,43;0,33;2.399.120;19.212;4,4;0,33;2.325.445;36;592;3.828;3.208;37;624;3.704;3.079;;
3711;5157;Rheine-Kanalhafen;5;NW;A;30;;8+1;Osnabrück;AS Rheine-Kanalhafen;O;Rheine;AS Rheine;W;4;34,5;226;139;64;23;44.813;22.657;22.156;46.042;23.297;22.745;48.017;24.367;23.650;36.227;18.131;18.096;+12,4;+10,1;+11,6;+26,6;12.480;6.386;6.094;14.906;7.644;7.263;13.169;6.667;6.502;2.554;1.335;1.220;+0,3;+0,1;+1,2;-1,8;27,8;32,4;27,4;7,1;1,04;0,78;1,08;2.497;25,8;608;44,7;2.766;26,4;1.689;22,9;;;;;;;;;;;;;;;;;;C;C;D;B;B;G;8;;D;8;17;D;8;17;D;8;17;D;8;14;D;8;15;D;14;;C;11;14;D;18;;C;15;;69,0;8,5;0,5;1,8;4,0;23,6;20,0;0,2;1,3;64,7;8,7;0,4;1,7;4,4;27,7;23,4;0,2;1,3;69,2;8,4;0,5;2,1;4,0;23,2;19,6;0,2;1,2;89,3;7,6;0,8;2,3;2,0;4,8;4,2;0,2;1,4;398.532;5.794.999;48.036;24.410;23.625;16.213;8.337;7.876;39.268;19.468;19.800;6.032;2.856;3.176;;;;;;;;;;;;;;;;;47.424;24.093;23.331;16.502;8.506;7.996;34,8;35,3;34,3;52,29595500;7,51208251;2.165;2.154;9,6;9,7;26,8;13,7;22,1;10,4;9,0;9,2;24.551;23.294;0,76;0,80;0,96;0,99;1,10;1,07;0,81;0,85;2.022;123;607;14;1.294;49;338;8;334;28;244;2;30;3610005O3711032O;2,300;Ri1_ist_NachNK;618;4.417;2;2;28.108;4,4;0,33;3.408.585;26.843;4,4;0,33;3.252.059;53;923;5.410;4.603;49;868;5.177;4.337;;
3712;5159;Schierloh;5;NW;A;30;;8+1;Osnabrück;AS Ibbenbühren;O;Rheine;AS Ibbenbühren-West;W;4;47,6;212;136;55;21;48.892;24.772;24.121;50.540;25.643;24.897;52.235;26.547;25.688;38.569;19.303;19.266;+9,3;+7,4;+8,1;+22,0;12.756;6.514;6.242;15.250;7.804;7.446;13.441;6.795;6.646;2.582;1.343;1.239;-0,2;-0,4;+0,3;-1,1;26,1;30,2;25,7;6,7;1,03;0,75;1,07;2.729;24,1;653;42,7;3.021;24,7;1.853;21,2;;;;;;;;;;;;;;;;;;D;C;D;B;B;G;8;;D;8;17;D;8;17;D;8;17;D;8;15;E;15;;D;14;;C;11;13;D;18;;C;15;;70,9;8,9;0,5;1,9;3,8;22,0;18,6;0,2;1,1;67,0;9,0;0,5;1,7;4,2;25,7;21,7;0,2;1,1;70,9;9,0;0,6;2,2;3,8;21,7;18,3;0,2;1,1;89,8;7,9;0,9;2,3;1,9;4,5;3,9;0,3;1,2;410.517;5.791.027;52.707;26.858;25.849;16.591;8.513;8.078;42.515;21.076;21.439;6.105;2.890;3.215;;;;;;;;;;;;;;;;;52.150;26.569;25.580;16.894;8.688;8.206;32,4;32,7;32,1;52,26234147;7,68882938;2.321;2.320;9,4;9,6;20,5;10,7;16,0;8,9;8,7;9,1;26.885;25.610;0,73;0,76;0,97;0,98;1,09;1,06;0,79;0,83;2.258;129;617;17;1.449;50;343;11;372;29;250;2;50;3711035O3712056O;2,300;Ri1_ist_NachNK;5.747;5.746;2;2;28.652;4,4;0,33;3.471.918;27.394;4,39;0,33;3.312.189;55;945;5.514;4.663;50;928;5.263;4.423;;
3718;5151;Werste;5;NW;A;30;;8+1;Bad Oeynhausen;AS Bad Oeynhausen-Nord;O;Osnabrück;AS Gohfeld;W;4;129,5;;;;;;;;;;;;;;;;;;;;;;;;;;;;;;;;;;;;;;;;;;;;;;;;;;;;;;;;;;;;;;;;;;;;;;;;;;;;;;;;;;;;;;;;;;;;;;;;;;;;;;;;;;;;;;;;;;;;;;;;;;;;;;;;;;;;;;;;;;;;484.223;5.786.152;;;;;;;;;;;;;;;;;;;;;;;;;;;;;;;;;;;;;;52,22556218;8,76902104;;;;;;;;;;;;;;;;;;;;;;;;;;;;;;;;;100;3718083O3718030O;4,200;Ri1_ist_NachNK;319.159;319.160;2;2;;;;;;;;;;;;;;;;;Datenprobleme in 2022;
4307;5165;Feldhausen;5;NW;A;31;;8+1;Emden;AS Kirchhellen;N;Bottrop;AS Gladbeck;S;4;5,1;294;186;69;39;51.031;25.985;25.046;51.184;26.383;24.801;53.219;27.106;26.113;47.735;23.102;24.633;+2,1;-0,7;+0,7;+17,9;5.966;2.959;3.007;7.213;3.594;3.619;6.154;3.057;3.097;1.068;464;603;-3,8;-4,0;-5,8;+20,7;11,7;14,1;11,6;2,2;1,04;1,01;1,14;2.886;11,0;606;18,6;3.157;12,0;2.073;6,2;;;;;;;;;;;;;;;;;;D;C;D;E;D;E;17;;B;7;;E;17;;B;8;;E;17;;C;;;C;11;13;D;13;;B;13;;D;19;;85,6;9,0;0,6;1,6;2,9;8,6;6,9;0,2;1,1;83,3;9,9;0,5;1,5;3,4;10,5;8,4;0,2;1,2;85,6;8,9;0,6;1,7;2,9;8,5;6,8;0,2;1,1;95,2;5,8;0,8;1,6;1,1;1,0;0,8;0,1;0,9;357.409;5.718.440;51.742;26.603;25.139;7.970;3.954;4.016;51.454;26.373;25.081;1.996;1.062;933;;;;;;;;;;;;;;;;;51.234;26.437;24.797;8.152;4.049;4.103;15,9;15,3;16,5;51,59893290;6,94118331;2.662;2.491;10,2;9,9;3,3;1,8;2,1;0,6;10,1;10,0;25.813;24.822;0,95;1,07;0,95;0,97;1,19;1,09;1,05;1,05;2.759;107;272;19;1.932;34;94;13;491;21;91;3;10;4407231O4307206O;1,000;Ri1_ist_NachNK;207;2.119;2;2;12.039;4,07;0,32;1.387.646;12.391;4,12;0,32;1.438.798;45;773;2.140;1.708;40;732;2.236;1.790;;
4008;5117;Gescher;5;NW;A;31;;8+1;Emden;AS Gescher/Coesfeld;N;Bottrop;AS Borken;S;4;43,2;258;184;64;10;35.344;17.607;17.737;34.912;17.693;17.218;37.167;18.649;18.517;34.687;15.985;18.702;+9,2;+8,8;+3,9;+18,8;5.480;2.681;2.799;6.583;3.239;3.344;5.704;2.813;2.891;1.078;433;645;+1,4;+1,1;+0,2;+17,6;15,5;18,9;15,3;3,1;1,06;1,02;1,17;2.015;14,6;387;25,2;2.249;15,6;1.316;9,2;;;;;;;;;;;;;;;;;;C;C;E;C;D;D;8;17;C;;;D;8;17;D;8;17;E;15;;E;16;;F;11;;F;12;;B;13;;D;18;;81,0;9,4;0,6;2,1;3,3;12,0;9,7;0,2;1,3;77,8;10,3;0,6;2,0;3,8;14,8;12,0;0,2;1,4;80,9;9,3;0,7;2,4;3,3;11,9;9,6;0,2;1,3;93,5;6,4;0,9;2,3;1,4;1,5;1,2;0,2;1,1;364.830;5.754.422;35.635;17.974;17.661;7.321;3.587;3.733;34.702;17.733;16.969;1.724;929;795;;;;;;;;;;;;;;;;;35.155;17.791;17.364;7.462;3.656;3.806;21,2;20,5;21,9;51,92410210;7,03427806;1.990;2.051;11,3;11,6;7,7;2,6;4,7;1,0;11,2;11,8;17.402;17.221;0,92;1,12;0,95;1,03;1,24;1,10;1,01;0,99;1.882;83;268;15;1.187;26;95;9;288;17;81;2;60;4108018A4008036A;8,096;Ri1_ist_NachNK;3.978;1.136;2;2;11.208;4,18;0,32;1.312.379;11.828;4,23;0,32;1.397.902;33;593;2.055;1.636;35;574;2.190;1.792;;
4307;5163;Hardtbergsee;5;NW;A;31;;8+1;Emden;AS Dorsten;N;Bottrop;AS Bottrop-Feldhausen;S;4;10,6;;;;;;;;;;;;;;;;;;;;;;;;;;;;;;;;;;;;;;;;;;;;;;;;;;;;;;;;;;;;;;;;;;;;;;;;;;;;;;;;;;;;;;;;;;;;;;;;;;;;;;;;;;;;;;;;;;;;;;;;;;;;;;;;;;;;;;;;;;;;356.897;5.724.068;;;;;;;;;;;;;;;;;;;;;;;;;;;;;;;;;;;;;;51,64936996;6,93149688;;;;;;;;;;;;;;;;;;;;;;;;;;;;;;;;;30;4307202O4307204O;0,700;Ri1_ist_NachNK;3.996;1.156;2;2;;;;;;;;;;;;;;;;;Datenprobleme in 2022;
4307;5164;Kirchhellen (N);5;NW;A;31;;8+1;Emden;AS Bottrop-Feldhausen;N;Bottrop;AS Kirchhellen;S;4;8,3;;;;;;;;;;;;;;;;;;;;;;;;;;;;;;;;;;;;;;;;;;;;;;;;;;;;;;;;;;;;;;;;;;;;;;;;;;;;;;;;;;;;;;;;;;;;;;;;;;;;;;;;;;;;;;;;;;;;;;;;;;;;;;;;;;;;;;;;;;;;357.016;5.721.559;;;;;;;;;;;;;;;;;;;;;;;;;;;;;;;;;;;;;;51,62685533;6,93424799;;;;;;;;;;;;;;;;;;;;;;;;;;;;;;;;;20;4307206O4307202O;0,200;Ri1_ist_NachNK;2.115;4.003;2;2;;;;;;;;;;;;;;;;;Datenprobleme in 2022;
4207;5162;Lembeck;5;NW;A;31;;8+1;Emden;AS Lembeck;N;Bottrop;AS Schermbeck;S;4;23,2;298;190;70;38;37.828;18.947;18.881;37.649;19.118;18.531;39.553;19.919;19.635;36.350;17.100;19.250;+6,3;+4,4;+5,3;+16,1;5.308;2.594;2.714;6.403;3.138;3.265;5.525;2.715;2.810;948;411;537;+1,7;+1,6;+0,1;+15,6;14,0;17,0;14,0;2,6;1,05;1,00;1,16;2.148;13,2;432;22,7;2.378;14,2;1.459;8,1;;;;;;;;;;;;;;;;;;C;C;D;E;D;E;17;;B;7;;E;17;;B;8;;E;17;;D;8;15;B;11;;D;12;;B;13;;D;18;;82,7;9,2;0,7;1,9;3,2;10,7;8,5;0,2;1,4;79,7;10,1;0,6;1,8;3,7;13,1;10,4;0,2;1,5;82,5;9,1;0,7;2,2;3,1;10,7;8,5;0,2;1,4;94,2;6,1;1,0;2,0;1,3;1,2;0,9;0,2;1,1;359.551;5.735.591;38.214;19.314;18.900;7.104;3.467;3.637;37.692;19.336;18.356;1.722;925;796;;;;;;;;;;;;;;;;;37.785;19.150;18.635;7.247;3.537;3.711;19,2;18,5;19,9;51,75358204;6,96519207;2.077;2.053;11,0;10,9;4,7;2,9;2,8;0,8;10,8;11,0;18.694;18.527;0,92;1,08;0,94;0,99;1,23;1,09;1,03;1,00;2.024;86;252;17;1.331;27;91;10;332;17;82;2;40;4207024O4207029O;0,400;Ri1_ist_NachNK;3.066;194;2;2;10.737;4,14;0,32;1.249.363;11.374;4,19;0,32;1.334.513;35;610;1.949;1.537;35;587;2.091;1.663;;
3808;5161;Nienborg;5;NW;A;31;;8+1;Emden;AS Gronau/Ochtrup;N;Bottrop;AS Heek;S;4;66,6;231;165;46;20;32.742;16.286;16.456;31.911;16.119;15.792;35.214;17.732;17.482;32.768;15.109;17.659;;;;;5.374;2.627;2.747;6.456;3.165;3.291;5.621;2.751;2.870;1.018;459;559;;;;;16,4;20,2;16,0;3,1;1,10;1,04;1,19;1.877;15,5;339;26,5;2.102;16,6;1.202;9,9;;;;;;;;;;;;;;;;;;B;B;E;C;D;C;;;C;;;C;;;D;8;17;E;15;;E;16;;F;11;;F;12;;B;13;;D;18;;80,1;9,2;0,7;2,3;3,5;12,7;10,0;0,2;1,3;76,4;10,0;0,6;2,1;4,0;16,0;12,6;0,2;1,3;80,2;9,1;0,7;2,6;3,4;12,4;9,7;0,2;1,3;93,3;6,8;0,9;2,5;1,5;1,4;1,1;0,2;1,1;369.194;5.777.379;32.789;16.471;16.319;7.171;3.499;3.672;32.482;16.773;15.708;1.772;943;829;;;;;;;;;;;;;;;;;32.218;16.258;15.960;7.310;3.571;3.739;22,7;22,0;23,4;52,13142727;7,08891516;2.059;2.017;12,6;12,3;3,5;3,5;1,8;1,0;12,7;12,6;15.710;15.692;0,93;1,14;0,97;1,05;1,26;1,12;1,00;0,99;1.739;82;266;14;1.075;25;94;8;248;14;76;2;70;3808024O3808025O;7,200;Ri1_ist_NachNK;2.024;3.912;2;2;10.996;4,19;0,32;1.286.513;11.589;4,22;0,32;1.364.844;35;567;2.025;1.557;31;570;2.146;1.720;;
3708;5160;Ochtrup;5;NW;A;31;;8+1;Emden;AS Ochtrup-Nord;N;Bottrop;AS Gronau/Ochtrup;S;4;77,2;277;185;62;30;32.063;16.011;16.052;31.223;15.918;15.305;34.105;17.191;16.914;32.657;14.889;17.767;;;;;5.637;2.806;2.831;6.759;3.377;3.382;5.928;2.950;2.979;1.081;495;587;;;;;17,6;21,6;17,4;3,3;1,09;1,08;1,20;1.843;16,5;321;29,8;2.078;17,5;1.141;11,1;;;;;;;;;;;;;;;;;;B;B;E;C;D;C;;;C;;;C;;;D;8;16;E;15;;E;15;;F;11;;F;12;;B;12;;D;18;;78,8;9,5;0,6;2,2;3,5;13,9;10,9;0,2;1,4;74,9;10,3;0,6;2,1;4,0;17,4;13,6;0,2;1,4;78,7;9,4;0,7;2,5;3,5;13,7;10,7;0,2;1,4;93,0;6,9;0,8;2,5;1,6;1,6;1,2;0,2;1,2;372.597;5.787.184;32.163;16.326;15.838;7.529;3.751;3.778;30.880;15.804;15.075;1.811;941;870;;;;;;;;;;;;;;;;;31.585;16.103;15.482;7.656;3.819;3.837;24,2;23,7;24,8;52,22032931;7,13492163;2.019;2.031;12,6;12,7;4,9;2,7;2,6;0,7;12,5;13,1;15.522;15.294;0,96;1,20;0,99;1,06;1,29;1,12;0,99;0,99;1.700;82;282;14;1.007;25;102;7;224;14;82;1;80;3808025O3708015O;3,900;Ri1_ist_NachNK;3.908;1.066;2;2;11.865;4,23;0,32;1.396.883;12.006;4,24;0,32;1.419.132;37;562;2.208;1.701;35;559;2.236;1.780;;
4108;5705;Reken;5;NW;A;31;;8+1;Emden;AS Borken;N;Bottrop;AS Reken;S;4;32,2;;;;;;;;;;;;;;;;;;;;;;;;;;;;;;;;;;;;;;;;;;;;;;;;;;;;;;;;;;;;;;;;;;;;;;;;;;;;;;;;;;;;;;;;;;;;;;;;;;;;;;;;;;;;;;;;;;;;;;;;;;;;;;;;;;;;;;;;;;;;362.174;5.743.863;;;;;;;;;;;;;;;;;;;;;;;;;;;;;;;;;;;;;;51,82856469;6,99988731;;;;;;;;;;;;;;;;;;;;;;;;;;;;;;;;;50;4107031A4108018A;2,580;Ri1_ist_NachNK;2.097;3.982;2;2;;;;;;;;;;;;;;;;;Datenprobleme in 2022;
4017;5129;Bielefeld-Senne;5;NW;A;33;;8+1;Osnabrück;AS Bielefeld-Senne;N;Paderborn;AK Kreuz Bielefeld (A2);S;6;50,2;183;138;17;28;49.305;25.836;23.469;52.285;27.420;24.865;50.242;26.417;23.824;37.000;19.192;17.808;+6,8;+6,6;+2,8;+15,2;7.364;3.473;3.892;8.966;4.240;4.726;7.705;3.670;4.035;953;359;594;+6,7;+6,5;+7,0;+10,5;14,9;17,1;15,3;2,6;0,96;0,70;1,07;2.777;13,7;609;26,1;3.060;14,6;1.929;9,4;;;;;;;;;;;;;;;;;;D;D;B;B;B;D;8;17;D;8;17;D;8;17;D;8;17;D;8;15;D;8;15;D;15;;A;;;D;18;;C;15;;83,5;9,7;0,4;1,5;2,7;12,1;9,8;0,2;0,0;81,4;10,2;0,4;1,4;3,0;13,9;11,3;0,2;0,0;83,0;10,0;0,5;1,7;2,8;12,4;10,1;0,2;0,0;95,7;6,6;0,6;1,7;0,6;1,8;1,5;0,2;0,0;467.842;5.754.817;53.313;27.955;25.359;9.983;4.687;5.295;44.315;23.363;20.952;2.196;1.240;956;;;;;;;;;;;;;;;;;53.641;28.097;25.544;10.185;4.778;5.407;19,0;17,0;21,2;51,94313411;8,53215372;2.430;2.160;9,4;9,2;10,2;13,9;7,8;10,5;8,6;8,5;28.189;25.824;0,69;0,72;0,95;0,96;1,09;1,05;0,83;0,83;2.599;98;349;13;1.740;23;158;8;448;18;141;2;30;4017076A4017087O;0,734;Ri1_ist_NachNK;6.215;6.216;3;3;14.947;4,3;0,33;1.609.829;16.672;4,28;0,33;1.789.152;50;603;2.820;2.298;53;707;3.132;2.545;;
4017;5130;Bielefeld-Windflöte;5;NW;A;33;;8+1;Osnabrück;AS Bielefeld-Zentrum;N;Paderborn;AS Bielefeld-Senne;S;4;52,2;266;171;53;42;58.399;29.379;29.021;62.310;31.355;30.955;59.354;29.867;29.487;42.592;21.384;21.208;+8,1;+8,3;+3,1;+17,1;7.468;3.653;3.814;9.083;4.462;4.622;7.840;3.861;3.979;964;373;591;+7,4;+7,2;+7,6;+12,0;12,8;14,6;13,2;2,3;0,95;0,68;1,07;3.304;11,7;692;23,2;3.637;12,5;2.304;8,0;;;;;;;;;;;;;;;;;;D;D;A;B;B;D;8;17;D;8;17;D;8;17;D;8;17;D;8;15;D;8;15;D;15;;D;15;;D;18;;C;15;;85,8;9,5;0,4;1,4;2,3;10,3;8,4;0,2;0,0;84,2;10,0;0,3;1,3;2,6;11,8;9,6;0,2;0,0;85,2;9,7;0,4;1,6;2,3;10,7;8,7;0,2;0,0;96,1;6,4;0,6;1,6;0,5;1,6;1,3;0,2;0,0;465.916;5.756.248;63.736;31.975;31.762;10.124;4.939;5.185;51.078;26.176;24.902;2.224;1.274;950;;;;;;;;;;;;;;;;;64.213;32.205;32.008;10.319;5.034;5.285;16,1;15,6;16,5;51,95589038;8,50399330;2.756;2.853;9,4;9,8;14,2;10,1;11,3;7,8;8,6;8,9;32.422;32.504;0,67;0,69;0,95;0,96;1,09;1,06;0,82;0,79;3.170;100;354;14;2.111;23;162;9;530;17;143;2;40;4017087O4016089O;1,681;Ri1_ist_NachNK;6.217;6.218;2;2;15.657;4,29;0,33;1.868.370;16.411;4,3;0,33;1.962.508;54;658;2.942;2.386;53;665;3.097;2.516;;
3915;5127;Bockhorst;5;NW;A;33;;8+1;Osnabrück;AS Dissen-Süd;N;Paderborn;AS Borgholzhausen;S;4;88,7;;;;;;;;;;;;;;;;;;;;;;;;;;;;;;;;;;;;;;;;;;;;;;;;;;;;;;;;;;;;;;;;;;;;;;;;;;;;;;;;;;;;;;;;;;;;;;;;;;;;;;;;;;;;;;;;;;;;;;;;;;;;;;;;;;;;;;;;;;;;447.732;5.770.632;;;;;;;;;;;;;;;;;;;;;;;;;;;;;;;;;;;;;;52,08378426;8,23719911;;;;;;;;;;;;;;;;;;;;;;;;;;;;;;;;;50;3915025O3915024O;1,800;Ri1_ist_NachNK;4.939;4.938;2;2;;;;;;;;;;;;;;;;;Datenprobleme in 2022;
4118;5111;Paderborn;5;NW;A;33;;8+1;Bielefeld;AS Stukenbrock-Senne;N;Paderborn;AS Paderborn-Sennelager;S;4;27,3;252;176;62;14;44.594;22.254;22.340;46.332;23.124;23.208;45.600;22.639;22.960;36.844;18.524;18.319;+7,4;+7,9;+2,4;+13,7;8.004;3.671;4.333;9.671;4.479;5.192;8.331;3.854;4.477;1.368;423;945;+4,7;+4,5;+5,3;+5,4;17,9;20,9;18,3;3,7;0,98;0,78;1,09;2.498;16,1;578;34,0;2.754;16,6;1.730;13,5;;;;;;;;;;;;;;;;;;D;D;C;B;B;B;8;;D;8;17;D;8;17;D;8;17;C;;;E;16;;D;14;;D;14;;D;18;;C;15;;78,6;9,4;0,5;1,7;3,1;14,7;11,4;0,2;1,7;75,8;9,8;0,4;1,6;3,5;17,2;13,4;0,2;1,8;77,9;9,6;0,5;2,1;3,2;14,9;11,6;0,2;1,8;92,9;7,2;0,8;2,0;1,0;2,5;1,9;0,2;1,4;479.317;5.740.350;47.751;23.709;24.043;10.687;4.899;5.788;38.384;19.583;18.801;2.789;1.529;1.260;;;;;;;;;;;;;;;;;47.864;23.797;24.068;10.907;5.005;5.902;22,8;21,0;24,5;51,81360760;8,69996206;2.056;2.224;9,2;10,0;16,7;12,9;14,0;9,2;8,6;9,2;23.996;23.890;0,77;0,78;0,94;1,01;1,09;1,09;0,79;0,77;2.282;96;362;15;1.487;33;201;9;380;22;175;2;10;4218061A4118026A;2,974;Ri1_ist_NachNK;3.174;309;2;2;15.997;4,36;0,33;1.929.711;18.501;4,27;0,32;2.181.032;60;553;3.058;2.463;33;813;3.487;2.639;;
4117;5701;Stukenbrock;5;NW;A;33;;8+1;Bielefeld;AS Schloß-Holte-Stukenbrock;N;Paderborn;AS Stukenbrock-Senne;S;4;34,5;;;;;;;;;;;;;;;;;;;;;;;;;;;;;;;;;;;;;;;;;;;;;;;;;;;;;;;;;;;;;;;;;;;;;;;;;;;;;;;;;;;;;;;;;;;;;;;;;;;;;;;;;;;;;;;;;;;;;;;;;;;;;;;;;;;;;;;;;;;;476.254;5.746.621;;;;;;;;;;;;;;;;;;;;;;;;;;;;;;;;;;;;;;51,86986403;8,65510197;;;;;;;;;;;;;;;;;;;;;;;;;;;;;;;;;20;4118026A4017071A;3,957;Ri1_ist_NachNK;304;2.225;2;2;;;;;;;;;;;;;;;;;Baustelle in 2022;
4508;5681;AD Essen-Ost (O);5;NW;A;40;;8+1;Bochum;AS Essen-Frillendorf;O;Duisburg;AD Dreieck Essen-Ost (A52);W;6;19,6;;;;;;;;;;;;;;;;;;;;;;;;;;;;;;;;;;;;;;;;;;;;;;;;;;;;;;;;;;;;;;;;;;;;;;;;;;;;;;;;;;;;;;;;;;;;;;;;;;;;;;;;;;;;;;;;;;;;;;;;;;;;;;;;;;;;;;;;;;;;364.255;5.702.411;;;;;;;;;;;;;;;;;;;;;;;;;;;;;;;;;;;;;;51,45657839;7,04615380;;;;;;;;;;;;;;;;;;;;;;;;;;;;;;;;;70;4508098A4508131A;0,449;Ri1_ist_NachNK;336.354;336.353;3;3;;;;;;;;;;;;;;;;;Datenprobleme in 2022;
4508;5680;AD Essen-Ost (W);5;NW;A;40;;8+1;Bochum;AD Dreieck Essen-Ost (A52);O;Duisburg;AS Essen-Huttrop;W;4;18,6;;;;;;;;;;;;;;;;;;;;;;;;;;;;;;;;;;;;;;;;;;;;;;;;;;;;;;;;;;;;;;;;;;;;;;;;;;;;;;;;;;;;;;;;;;;;;;;;;;;;;;;;;;;;;;;;;;;;;;;;;;;;;;;;;;;;;;;;;;;;363.827;5.702.171;;;;;;;;;;;;;;;;;;;;;;;;;;;;;;;;;;;;;;51,45432369;7,04009068;;;;;;;;;;;;;;;;;;;;;;;;;;;;;;;;;60;4508078A4508098A;0,851;Ri1_ist_NachNK;1.715;4.565;2;2;;;;;;;;;;;;;;;;;Datenprobleme in 2022;
4505;5022;AK Moers (O);5;NW;A;40;;8+1;Duisburg;AS Moers (L475);O;Venlo (NL);AK Kreuz Moers (A57);W;10;28,7;;;;;;;;;;;;;;;;;;;;;;;;;;;;;;;;;;;;;;;;;;;;;;;;;;;;;;;;;;;;;;;;;;;;;;;;;;;;;;;;;;;;;;;;;;;;;;;;;;;;;;;;;;;;;;;;;;;;;;;;;;;;;;;;;;;;;;;;;;;;333.615;5.701.050;;;;;;;;;;;;;;;;;;;;;;;;;;;;;;;;;;;;;;51,43618014;6,60615446;;;;;;;;;;;;;;;;;;;;;;;;;;;;;;;;;50;4505028A4505029A;0,127;Ri1_ist_NachNK;4.379;2.515;5;5;;;;;;;;;;;;;;;;;Datenprobleme in 2022;
4505;5663;AK Moers (W);5;NW;A;40;;8+1;Duisburg;AK Kreuz Moers (A57);O;Venlo (NL);AS Neukirchen-Vluyn;W;4;498,9;;;;;;;;;;;;;;;;;;;;;;;;;;;;;;;;;;;;;;;;;;;;;;;;;;;;;;;;;;;;;;;;;;;;;;;;;;;;;;;;;;;;;;;;;;;;;;;;;;;;;;;;;;;;;;;;;;;;;;;;;;;;;;;;;;;;;;;;;;;;332.980;5.701.000;;;;;;;;;;;;;;;;;;;;;;;;;;;;;;;;;;;;;;51,43554021;6,59704422;;;;;;;;;;;;;;;;;;;;;;;;;;;;;;;;;40;4505037A4505028A;3,508;Ri1_ist_NachNK;1.539;4.378;2;2;;;;;;;;;;;;;;;;;Datenprobleme in 2022;
4508;5113;Bochum;5;NW;A;40;;8+1;Bochum;AS Bochum-Stahlhausen;O;Essen;AS Dückerweg;W;6;3,5;145;106;16;23;117.740;58.461;59.279;126.325;63.052;63.273;117.705;58.065;59.640;85.696;41.793;43.903;+12,5;+12,8;+6,6;+22,3;7.617;3.771;3.846;9.298;4.619;4.679;8.042;3.949;4.092;801;377;423;+3,6;+3,4;+3,6;+13,1;6,5;7,4;6,8;0,9;0,93;0,70;1,04;6.598;6,0;1.521;10,3;7.121;6,7;5.029;3,0;;;;;;;;;;;;;;;;;;D;D;A;B;B;D;8;17;D;7;17;D;8;17;D;7;16;C;;;C;;;A;;;D;15;;C;15;;D;18;;92,8;8,6;0,4;0,6;1,8;4,5;3,7;0,1;0,2;91,8;9,2;0,3;0,6;2,1;5,2;4,2;0,1;0,2;92,4;8,9;0,4;0,6;1,9;4,8;3,9;0,1;0,1;98,4;5,1;0,6;0,6;0,3;0,5;0,4;0,2;0,1;372.280;5.704.511;128.165;63.875;64.290;10.344;5.136;5.208;104.813;51.775;53.037;2.396;1.137;1.260;;;;;;;;;;;;;;;;;129.674;64.849;64.825;10.534;5.243;5.291;8,1;8,1;8,2;51,47731863;7,16083818;5.078;5.095;8,7;8,6;5,5;4,5;3,8;3,0;7,8;7,9;66.617;65.832;0,68;0,73;0,96;0,97;1,03;1,06;0,83;0,86;6.614;153;326;28;4.857;33;120;19;1.360;41;116;4;90;4508363A4509197O;1,206;Ri1_ist_NachNK;2.719;780;3;3;15.172;4,02;0,32;1.571.288;15.358;3,99;0,31;1.583.714;82;1.034;2.654;2.156;88;1.095;2.663;2.163;;
4510;5343;Dortmund;5;NW;A;40;;8+1;Dortmund;AS Dortmund-Barop;O;Essen;AS Dortmund-Dorstfeld;W;6;22,5;300;188;60;52;78.660;38.543;40.117;85.431;42.021;43.409;76.848;37.635;39.213;55.612;26.676;28.936;+8,1;+8,7;+1,2;+18,2;3.463;1.633;1.830;4.203;1.989;2.214;3.580;1.685;1.894;554;241;313;-2,0;-1,8;-4,6;+12,5;4,4;4,9;4,7;1,0;0,90;0,66;1,01;4.442;4,0;948;8,0;4.837;4,4;3.258;2,3;;;;;;;;;;;;;;;;;;D;D;A;B;B;B;8;;D;8;17;B;8;;D;8;17;B;8;;C;;;A;;;D;15;;C;15;;C;15;;93,3;5,9;0,4;0,6;2,1;2,2;1,8;0,2;1,7;92,8;6,2;0,3;0,6;2,3;2,5;2,0;0,2;1,7;93,0;6,0;0,5;0,6;2,2;2,3;1,9;0,1;1,7;96,7;3,6;0,7;0,7;0,6;0,3;0,3;0,1;1,7;389.775;5.706.203;86.361;42.433;43.928;4.602;2.175;2.427;68.375;33.613;34.762;1.357;641;715;;;;;;;;;;;;;;;;;88.009;43.313;44.696;4.708;2.229;2.480;5,3;5,1;5,5;51,49620473;7,41211419;3.873;3.861;10,0;9,6;3,9;2,9;1,4;1,4;8,9;8,6;44.652;46.241;0,64;0,67;0,95;0,96;1,01;1,00;0,81;0,81;4.602;115;99;21;3.171;34;40;13;871;31;45;2;110;4510066A4510091O;0,737;Ri1_ist_NachNK;6.284;6.285;3;3;5.614;3,44;0,28;514.054;6.415;3,51;0,29;609.371;38;811;784;634;81;829;920;744;;
4508;5037;Essen-Kray;5;NW;A;40;;8+1;Bochum;AS Gelsenkirchen-Süd;O;Essen;AS Essen-Kray;W;6;23,0;175;106;40;29;116.564;57.899;58.665;124.553;62.208;62.346;116.963;57.544;59.419;86.205;42.238;43.967;+11,4;+10,1;+10,5;+20,2;9.508;4.665;4.842;11.459;5.644;5.814;9.962;4.834;5.127;1.649;794;854;+6,0;+5,1;+7,2;+20,3;8,2;9,2;8,5;1,9;0,94;0,72;1,04;6.503;7,8;1.564;11,5;6.902;8,7;5.308;4,2;;;;;;;;;;;;;;;;;;D;D;A;B;B;D;8;17;D;8;17;D;8;17;C;;;C;;;C;;;D;15;;A;;;A;;;A;;;91,0;7,8;0,3;0,5;3,3;4,8;4,0;0,1;0,3;90,0;8,2;0,2;0,5;3,6;5,5;4,6;0,1;0,3;90,7;8,1;0,3;0,6;3,4;5,0;4,2;0,1;0,3;97,3;5,6;0,5;0,5;1,2;0,6;0,5;0,2;0,3;367.671;5.703.759;126.629;63.130;63.499;12.582;6.187;6.395;103.402;50.921;52.481;3.828;1.829;1.999;;;;;;;;;;;;;;;;;127.817;63.970;63.846;12.813;6.322;6.491;10,0;9,9;10,2;51,46950828;7,09478767;5.265;5.033;9,1;8,6;5,9;8,7;3,6;4,8;8,2;7,9;65.702;65.472;0,71;0,74;0,96;0,98;1,03;1,04;0,83;0,86;6.283;253;345;21;5.070;93;130;15;1.381;64;116;3;80;4508150A4508201O;1,214;Ri1_ist_NachNK;761;3.620;3;3;17.370;3,72;0,3;1.690.569;17.981;3,71;0,3;1.746.837;64;1.850;2.751;2.280;65;1.942;2.835;2.367;;
4603;5704;Straelen;5;NW;A;40;;8+1;Duisburg;AS Straelen;O;Venlo (NL);AS Niederdorf;W;4;3,1;;;;;;;;;;;;;;;;;;;;;;;;;;;;;;;;;;;;;;;;;;;;;;;;;;;;;;;;;;;;;;;;;;;;;;;;;;;;;;;;;;;;;;;;;;;;;;;;;;;;;;;;;;;;;;;;;;;;;;;;;;;;;;;;;;;;;;;;;;;;309.183;5.696.071;;;;;;;;;;;;;;;;;;;;;;;;;;;;;;;;;;;;;;51,38375980;6,25771921;;;;;;;;;;;;;;;;;;;;;;;;;;;;;;;;;10;4603142O4603141A;0,992;Ri1_ist_NachNK;6.316;6.317;2;2;;;;;;;;;;;;;;;;;Siehe DZ 5073;
4603;5073;Straelen (Niederdorf);5;NW;A;40;;8+1;Duisburg;AS Straelen;O;Venlo (NL);AS Niederdorf;W;4;3,2;248;170;53;25;33.824;16.788;17.036;33.732;16.712;17.020;36.754;18.285;18.469;30.517;15.206;15.311;+21,5;+16,5;+20,3;+50,4;11.895;5.915;5.980;14.332;7.149;7.183;12.487;6.152;6.335;2.051;1.013;1.039;-1,4;-1,3;-0,7;-8,6;35,2;42,5;34,0;6,7;1,09;0,88;1,07;1.846;33,9;536;44,1;2.022;34,8;1.318;29,7;;;;;;;;;;;;;;;;;;B;B;E;D;D;E;15;;C;;;E;15;;C;;;E;16;;C;;;E;16;;F;12;;G;18;;E;13;;63,4;8,1;0,2;1,5;4,3;30,7;27,0;0,1;0,0;56,2;7,9;0,2;1,3;4,9;37,5;33,0;0,1;0,0;64,3;8,1;0,3;1,7;4,1;29,7;26,1;0,1;0,0;91,6;9,0;0,4;1,7;2,2;4,4;3,9;0,2;0,0;309.275;5.696.128;35.231;17.497;17.735;15.645;7.822;7.823;30.884;15.210;15.674;5.271;2.426;2.845;;;;;;;;;;;;;;;;;34.416;17.076;17.340;15.931;7.985;7.946;46,3;46,8;45,8;51,38430487;6,25900262;1.829;1.853;10,9;10,9;2,4;7,8;1,1;4,4;10,7;10,7;17.249;17.481;0,91;0,86;0,92;0,98;1,09;1,05;0,86;0,90;1.314;88;615;5;924;53;339;2;299;29;208;0;20;4603142O4603141A;1,246;Ri1_ist_NachNK;6.316;6.317;2;2;26.485;4,48;0,34;3.244.485;26.755;4,47;0,34;3.278.533;26;717;5.173;4.528;25;738;5.217;4.615;;
4603;5018;Wankum;5;NW;A;40;;8+1;Duisburg;AS Wachtendonk;O;Venlo (NL);AS Wankum;W;4;6,9;306;210;63;33;39.521;19.722;19.799;39.975;19.912;20.063;42.179;21.138;21.040;34.511;17.246;17.265;+16,6;+12,7;+15,1;+40,9;12.321;6.268;6.053;14.860;7.554;7.306;12.872;6.507;6.365;2.144;1.163;980;-2,1;-1,9;-1,9;-9,2;31,2;37,2;30,5;6,2;1,06;0,84;1,06;2.174;29,8;591;41,0;2.386;30,7;1.539;25,8;;;;;;;;;;;;;;;;;;C;C;D;B;B;C;;;C;;;C;;;C;;;C;;;C;;;E;17;;F;12;;G;18;;E;13;;67,1;8,6;0,2;1,2;4,3;26,7;24,0;0,2;0,5;61,2;8,4;0,2;1,1;4,8;32,2;29,0;0,2;0,5;67,6;8,2;0,3;1,4;4,2;26,2;23,6;0,2;0,5;91,8;10,0;0,4;1,4;2,3;3,7;3,4;0,2;0,6;312.799;5.696.559;41.547;20.754;20.793;16.206;8.257;7.949;35.576;17.625;17.951;5.432;2.617;2.815;;;;;;;;;;;;;;;;;40.912;20.404;20.509;16.525;8.429;8.095;40,4;41,3;39,5;51,38934641;6,30937246;2.016;2.034;10,2;10,3;3,6;8,0;1,2;6,4;9,9;9,9;20.689;20.800;0,86;0,83;0,92;0,97;1,08;1,05;0,84;0,87;1.647;107;625;6;1.139;60;338;3;348;31;211;1;30;4603041A4604055A;0,552;Ri1_ist_NachNK;1.470;4.302;2;2;27.587;4,4;0,33;3.356.415;27.053;4,47;0,34;3.320.135;35;950;5.283;4.781;35;755;5.262;4.718;;
4505;5635;AK Kamp-Lintfort (O);5;NW;A;42;;8+1;Dortmund;AS Moers-Nord;O;Kamp-Lintfort;AK Kreuz Kamp-Lintfort (A57);W;6;3,8;;;;;;;;;;;;;;;;;;;;;;;;;;;;;;;;;;;;;;;;;;;;;;;;;;;;;;;;;;;;;;;;;;;;;;;;;;;;;;;;;;;;;;;;;;;;;;;;;;;;;;;;;;;;;;;;;;;;;;;;;;;;;;;;;;;;;;;;;;;;332.193;5.707.210;;;;;;;;;;;;;;;;;;;;;;;;;;;;;;;;;;;;;;51,49109753;6,58278753;;;;;;;;;;;;;;;;;;;;;;;;;;;;;;;;;10;4505053A4505054A;0,495;Ri1_ist_NachNK;1.857;2.847;3;3;;;;;;;;;;;;;;;;;Datenprobleme in 2022;
4506;5024;AK OB-West (O);5;NW;A;42;;8+1;Dortmund;AS Oberhausen-Buschhausen;O;Kamp-Lintfort;AK Kreuz Oberhausen-West (A3);W;6;18,4;258;162;61;35;82.924;42.828;40.095;90.355;46.558;43.796;85.947;44.810;41.137;51.380;26.418;24.963;+7,5;+8,0;+3,5;+12,9;12.208;6.106;6.102;14.707;7.368;7.339;13.116;6.628;6.487;1.739;740;999;+4,7;+4,5;+5,4;+3,2;14,7;16,3;15,3;3,4;0,95;0,59;1,02;4.601;14,4;1.163;17,4;5.030;15,8;3.314;8,1;;;;;;;;;;;;;;;;;;D;D;A;A;B;D;8;15;C;;;D;8;16;C;;;D;8;15;C;;;D;15;;E;16;;C;15;;D;18;;83,1;8,0;0,2;0,9;4,7;9,9;8,0;0,1;1,3;81,5;8,3;0,1;0,9;5,1;11,1;9,0;0,1;1,3;82,7;8,1;0,2;1,0;4,9;10,3;8,3;0,1;1,1;94,5;5,7;0,4;0,9;2,1;1,2;0,9;0,1;1,2;348.770;5.706.162;92.185;47.533;44.652;16.400;8.243;8.157;75.044;39.281;35.763;4.178;2.045;2.132;;;;;;;;;;;;;;;;;92.900;47.783;45.117;16.607;8.329;8.278;17,9;17,4;18,3;51,48635856;6,82182450;4.329;3.469;10,1;8,7;16,9;11,5;12,3;8,0;9,1;7,7;49.754;46.332;0,58;0,61;0,94;0,99;1,04;1,01;0,83;0,84;4.228;263;530;9;3.039;100;170;6;960;57;145;2;40;4506111A4507205A;0,500;Ri1_ist_NachNK;1.388;48;3;3;24.149;3,95;0,31;2.455.196;23.838;3,91;0,3;2.379.271;49;1.923;4.135;3.532;41;2.000;4.060;3.085;;
4506;5668;AK OB-West (W);5;NW;A;42;;8+1;Dortmund;AK Kreuz Oberhausen-West (A3);O;Kamp-Lintfort;AS Duisburg-Neumühl;W;6;16,8;;;;;;;;;;;;;;;;;;;;;;;;;;;;;;;;;;;;;;;;;;;;;;;;;;;;;;;;;;;;;;;;;;;;;;;;;;;;;;;;;;;;;;;;;;;;;;;;;;;;;;;;;;;;;;;;;;;;;;;;;;;;;;;;;;;;;;;;;;;;347.688;5.706.262;;;;;;;;;;;;;;;;;;;;;;;;;;;;;;;;;;;;;;51,48696655;6,80621536;;;;;;;;;;;;;;;;;;;;;;;;;;;;;;;;;30;4506044A4506111A;0,901;Ri1_ist_NachNK;1.960;1.387;3;3;;;;;;;;;;;;;;;;;Datenprobleme in 2022;
4409;5153;Bladenhorst;5;NW;A;42;;8+1;Dortmund;AS Castrop-Rauxel;O;Kamp-Lintfort;AS Castrop-Rauxel-Bladenhorst;W;4;54,2;;;;;;;;;;;;;;;;;;;;;;;;;;;;;;;;;;;;;;;;;;;;;;;;;;;;;;;;;;;;;;;;;;;;;;;;;;;;;;;;;;;;;;;;;;;;;;;;;;;;;;;;;;;;;;;;;;;;;;;;;;;;;;;;;;;;;;;;;;;;382.232;5.713.448;;;;;;;;;;;;;;;;;;;;;;;;;;;;;;;;;;;;;;51,55979991;7,30108570;;;;;;;;;;;;;;;;;;;;;;;;;;;;;;;;;80;4409148O4409139O;0,900;Ri1_ist_NachNK;2.090;175;2;2;;;;;;;;;;;;;;;;;Datenprobleme in 2022;
4506;5063;DU Beeckerwerth;5;NW;A;42;;8+1;Dortmund;AS Duisburg-Beeckerwerth;O;Kamp-Lintfort;AS Duisburg-Baerl;W;6;8,5;175;113;50;12;73.239;37.152;36.087;79.435;40.403;39.032;73.891;37.643;36.249;49.270;24.390;24.880;+2,9;+3,6;-1,4;+7,9;11.807;5.839;5.968;14.435;7.138;7.297;12.277;6.066;6.211;1.397;699;697;-2,9;-2,1;-4,1;-16,7;16,1;18,2;16,6;2,8;0,93;0,64;1,02;4.082;15,3;990;23,2;4.507;16,3;2.807;10,4;;;;;;;;;;;;;;;;;;D;D;A;A;B;B;8;;D;8;17;B;8;;D;8;17;D;8;15;D;8;15;D;15;;D;15;;C;15;;C;15;;83,0;8,6;0,4;0,9;2,2;13,8;11,9;0,1;0,0;81,0;9,1;0,3;0,9;2,5;15,6;13,5;0,1;0,0;82,4;8,8;0,5;1,0;2,3;14,2;12,3;0,1;0,0;96,2;5,5;0,7;1,0;0,6;2,1;1,9;0,1;0,0;339.673;5.705.815;81.273;41.402;39.871;15.849;7.854;7.995;62.423;31.526;30.897;4.430;2.104;2.326;;;;;;;;;;;;;;;;;82.374;41.973;40.401;16.216;8.040;8.176;19,7;19,2;20,2;51,48073366;6,69107679;3.761;3.508;10,1;9,7;13,5;12,6;11,5;10,7;9,0;8,7;42.608;41.553;0,59;0,68;0,94;0,97;1,02;1,02;0,74;0,81;3.755;115;618;19;2.503;30;262;12;757;26;204;3;20;4506143A4506092A;1,413;Ri1_ist_NachNK;959;3.799;3;3;25.766;4,41;0,33;2.815.849;26.481;4,44;0,33;2.906.074;35;837;4.967;4.293;41;797;5.130;4.447;;
4408;5115;GE-Hessler;5;NW;A;42;;8+1;Dortmund;AS Gelsenkirchen-Heßler;O;Kamp-Lintfort;AS Essen-Altenessen;W;4;33,5;;;;;;;;;;;;;;;;;;;;;;;;;;;;;;;;;;;;;;;;;;;;;;;;;;;;;;;;;;;;;;;;;;;;;;;;;;;;;;;;;;;;;;;;;;;;;;;;;;;;;;;;;;;;;;;;;;;;;;;;;;;;;;;;;;;;;;;;;;;;363.173;5.708.726;;;;;;;;;;;;;;;;;;;;;;;;;;;;;;;;;;;;;;51,51306640;7,02814363;;;;;;;;;;;;;;;;;;;;;;;;;;;;;;;;;50;4408131A4408185A;1,159;Ri1_ist_NachNK;3.879;1.996;2;2;;;;;;;;;;;;;;;;;Datenprobleme in 2022;
4409;5166;Horsthausen;5;NW;A;42;;8+1;Dortmund;AS Herne-Börnig;O;Kamp-Lintfort;AS Herne-Horsthausen;W;4;50,4;;;;;;;;;;;;;;;;;;;;;;;;;;;;;;;;;;;;;;;;;;;;;;;;;;;;;;;;;;;;;;;;;;;;;;;;;;;;;;;;;;;;;;;;;;;;;;;;;;;;;;;;;;;;;;;;;;;;;;;;;;;;;;;;;;;;;;;;;;;;378.708;5.713.374;;;;;;;;;;;;;;;;;;;;;;;;;;;;;;;;;;;;;;51,55838793;7,25029215;;;;;;;;;;;;;;;;;;;;;;;;;;;;;;;;;70;4409090O4409137O;1,000;Ri1_ist_NachNK;3.025;3.933;2;2;;;;;;;;;;;;;;;;;Datenprobleme in 2022;
4408;5116;Wanne-Eickel;5;NW;A;42;;8+1;Dortmund;AS Herne-Crange;O;Kamp-Lintfort;AS Herne-Wanne;W;4;43,7;184;117;36;31;72.755;37.105;35.650;78.786;39.828;38.958;74.552;38.274;36.279;47.974;25.471;22.503;-5,7;-6,0;-8,3;+1,7;9.202;4.626;4.576;11.161;5.592;5.569;9.916;5.014;4.902;988;530;457;-10,7;-11,2;-9,3;-10,3;12,6;14,2;13,3;2,1;0,95;0,62;1,02;3.993;12,1;1.108;16,5;4.319;13,3;3.014;7,0;;;;;;;;;;;;;;;;;;C;D;A;B;A;C;;;D;8;17;C;;;D;8;17;C;;;C;;;A;;;E;16;;C;15;;C;15;;85,8;8,8;0,3;0,8;3,2;9,3;7,6;0,1;0,8;84,2;9,3;0,3;0,8;3,6;10,5;8,5;0,1;0,8;85,1;8,9;0,4;0,8;3,4;9,8;8,0;0,1;0,8;96,7;5,2;0,7;0,8;0,8;1,2;1,0;0,1;0,5;372.064;5.711.725;80.568;40.670;39.898;12.511;6.274;6.237;63.961;33.475;30.487;2.799;1.443;1.355;;;;;;;;;;;;;;;;;81.268;40.874;40.394;12.667;6.341;6.326;15,6;15,5;15,7;51,54210176;7,15510085;3.173;3.203;8,6;9,0;11,6;13,9;8,6;10,4;7,8;7,9;41.877;41.320;0,66;0,58;0,95;0,98;1,03;1,01;0,82;0,78;3.731;160;414;14;2.790;47;165;12;921;41;142;4;60;4408065A4409084A;0,366;Ri1_ist_NachNK;1.054;3.893;2;2;18.937;4,09;0,32;2.185.187;18.794;4,11;0,32;2.172.198;43;1.192;3.391;2.749;36;1.162;3.378;2.751;;
4011;5109;Albachten;5;NW;A;43;;8+1;Münster;AK Kreuz Münster-Süd (A1);N;Recklinghausen;AS Senden;S;4;6,7;;;;;;;;;;;;;;;;;;;;;;;;;;;;;;;;;;;;;;;;;;;;;;;;;;;;;;;;;;;;;;;;;;;;;;;;;;;;;;;;;;;;;;;;;;;;;;;;;;;;;;;;;;;;;;;;;;;;;;;;;;;;;;;;;;;;;;;;;;;;397.681;5.751.634;;;;;;;;;;;;;;;;;;;;;;;;;;;;;;;;;;;;;;51,90604868;7,51263265;;;;;;;;;;;;;;;;;;;;;;;;;;;;;;;;;60;4010050A4011006A;1,512;Ri1_ist_NachNK;2.151;2.166;2;2;;;;;;;;;;;;;;;;;Datenprobleme in 2022;
4409;5107;Herne;5;NW;A;43;;8+1;Recklinghausen;AS Herne-Eickel;N;Wuppertal;AS Bochum-Riemke;S;4;28,8;;;;;;;;;;;;;;;;;;;;;;;;;;;;;;;;;;;;;;;;;;;;;;;;;;;;;;;;;;;;;;;;;;;;;;;;;;;;;;;;;;;;;;;;;;;;;;;;;;;;;;;;;;;;;;;;;;;;;;;;;;;;;;;;;;;;;;;;;;;;375.811;5.709.347;;;;;;;;;;;;;;;;;;;;;;;;;;;;;;;;;;;;;;51,52156868;7,20995382;;;;;;;;;;;;;;;;;;;;;;;;;;;;;;;;;30;4409027A4409038A;0,542;Ri1_ist_NachNK;1.304;3.198;2;2;;;;;;;;;;;;;;;;;Datenprobleme in 2022;
4409;5132;Recklinghausen-West;5;NW;A;43;;8+1;Münster;AS Recklinghausen/Herten (B225/L622);N;Wuppertal;AK Kreuz Recklinghausen (A2);S;4;36,6;;;;;;;;;;;;;;;;;;;;;;;;;;;;;;;;;;;;;;;;;;;;;;;;;;;;;;;;;;;;;;;;;;;;;;;;;;;;;;;;;;;;;;;;;;;;;;;;;;;;;;;;;;;;;;;;;;;;;;;;;;;;;;;;;;;;;;;;;;;;374.417;5.717.305;;;;;;;;;;;;;;;;;;;;;;;;;;;;;;;;;;;;;;51,59278166;7,18702171;;;;;;;;;;;;;;;;;;;;;;;;;;;;;;;;;40;4409124A4309058A;1,033;Ri1_ist_NachNK;1.381;4.748;2;2;;;;;;;;;;;;;;;;;Datenprobleme in 2022;
4609;5108;Sprockhövel;5;NW;A;43;;8+1;Recklinghausen;AS Witten-Herbede;N;Wuppertal;AS Bochum-Sprockhövel;S;4;9,5;305;187;68;50;57.809;29.441;28.368;62.074;31.693;30.381;57.527;29.434;28.093;42.217;21.033;21.184;+10,2;+11,3;+3,9;+15,7;4.783;2.381;2.402;5.916;2.956;2.960;4.859;2.426;2.433;451;176;274;+9,2;+10,4;+5,2;+8,4;8,3;9,5;8,4;1,1;0,93;0,69;1,02;3.267;7,8;691;13,1;3.574;8,5;2.347;4,3;;;;;;;;;;;;;;;;;;D;D;A;B;B;D;8;17;B;8;;D;8;17;D;8;17;D;8;15;C;;;D;14;;D;15;;C;15;;D;18;;88,9;7,3;0,5;0,8;2,5;5,6;4,2;0,2;2,0;87,8;7,9;0,4;0,8;2,9;6,5;4,8;0,2;1,9;88,6;7,4;0,5;0,9;2,6;5,7;4,2;0,2;2,1;96,0;3,5;0,9;0,8;0,4;0,6;0,4;0,1;2,1;379.086;5.693.478;63.003;32.234;30.769;6.545;3.271;3.274;50.924;25.768;25.156;1.326;655;670;;;;;;;;;;;;;;;;;63.892;32.674;31.218;6.742;3.370;3.371;10,6;10,3;10,8;51,37965985;7,26255118;3.022;2.693;10,3;9,5;6,8;7,3;4,8;4,6;9,2;8,6;34.231;32.121;0,68;0,70;0,91;0,97;1,03;1,00;0,77;0,79;3.253;106;199;17;2.234;22;79;12;598;24;66;2;10;4609035A4509007A;2,905;Ri1_ist_NachNK;1.686;3.552;2;2;9.602;4,03;0,32;1.105.066;9.224;3,84;0,3;1.011.039;64;625;1.692;1.279;27;835;1.540;1.129;;
5202;5074;AC-Lichtenbusch;5;NW;A;44;;8+1;Aachen;AS Aachen-Lichtenbusch;O;Lüttich (B);AS GÜG Lichtenbusch;W;6;0,3;271;180;62;29;28.986;15.133;13.853;29.376;15.198;14.178;31.900;16.717;15.183;23.897;12.915;10.981;+20,2;+17,6;+19,1;+36,2;7.941;4.020;3.921;9.542;4.824;4.718;8.299;4.174;4.126;1.512;822;690;+0,1;-0,5;+3,8;-7,3;27,4;32,5;26,0;6,3;1,09;0,80;1,12;1.597;25,2;430;43,8;1.721;26,1;1.222;21,2;;;;;;;;;;;;;;;;;;C;C;E;C;B;C;;;E;18;;C;;;E;18;;C;;;E;17;;D;12;;A;;;C;17;;B;13;;71,3;8,4;0,4;1,3;3,3;23,9;21,2;0,2;0,0;66,3;8,1;0,3;1,2;3,7;28,7;25,4;0,2;0,0;72,4;8,7;0,4;1,6;3,2;22,7;20,1;0,2;0,0;92,2;9,0;0,7;1,5;2,0;4,1;3,7;0,3;0,0;296.951;5.622.599;30.000;15.554;14.446;10.151;5.135;5.016;30.042;15.693;14.349;4.774;2.368;2.406;;;;;;;;;;;;;;;;;29.412;15.184;14.228;10.369;5.251;5.119;35,3;34,6;36,0;50,71966653;6,12337609;1.493;1.439;9,9;10,4;7,6;15,3;5,8;13,4;9,8;10,1;15.295;14.217;0,84;0,76;0,95;0,99;1,13;1,11;1,00;0,99;1.264;58;392;7;960;39;220;4;241;20;168;0;10;5202048O5202047A;0,249;Ri1_ist_NachNK;4.616;2.765;3;3;17.880;4,45;0,33;1.965.993;17.661;4,5;0,34;1.961.958;24;527;3.468;3.046;30;433;3.459;3.104;;
5103;5650;AK Aachen (N);5;NW;A;44;;8+1;Düsseldorf;AS Broichweiden;O;Aachen;AK Kreuz Aachen (A4);W;4;11,9;;;;;;;;;;;;;;;;;;;;;;;;;;;;;;;;;;;;;;;;;;;;;;;;;;;;;;;;;;;;;;;;;;;;;;;;;;;;;;;;;;;;;;;;;;;;;;;;;;;;;;;;;;;;;;;;;;;;;;;;;;;;;;;;;;;;;;;;;;;;300.724;5.632.399;;;;;;;;;;;;;;;;;;;;;;;;;;;;;;;;;;;;;;50,80899637;6,17144734;;;;;;;;;;;;;;;;;;;;;;;;;;;;;;;;;40;5103027A5103069A;0,510;Ri1_ist_NachNK;5.437;5.440;2;2;;;;;;;;;;;;;;;;;Datenprobleme in 2022;
5203;5020;AK Aachen (S);5;NW;A;44;;8+1;Düsseldorf;AK Kreuz Aachen (A4);O;Lüttich (B);AS Aachen-Brand;W;4;12,1;;;;;;;;;;;;;;;;;;;;;;;;;;;;;;;;;;;;;;;;;;;;;;;;;;;;;;;;;;;;;;;;;;;;;;;;;;;;;;;;;;;;;;;;;;;;;;;;;;;;;;;;;;;;;;;;;;;;;;;;;;;;;;;;;;;;;;;;;;;;300.533;5.631.175;;;;;;;;;;;;;;;;;;;;;;;;;;;;;;;;;;;;;;50,79793787;6,16940382;;;;;;;;;;;;;;;;;;;;;;;;;;;;;;;;;30;5202037A5103027A;5,612;Ri1_ist_NachNK;4.355;2.743;2;2;;;;;;;;;;;;;;;;;Datenprobleme in 2022;
4705;5081;AK Neersen (N);5;NW;A;44;;8+1;Düsseldorf;AS Neersen;O;Aachen;AK Kreuz Neersen (A52);W;4;70,3;302;190;59;53;54.015;27.171;26.844;59.604;30.235;29.369;53.211;26.282;26.929;34.130;16.826;17.303;+2,1;+1,9;-1,2;+10,2;5.341;2.690;2.651;6.563;3.324;3.239;5.522;2.729;2.794;548;274;274;-4,2;-3,6;-6,0;-5,6;9,9;11,0;10,4;1,6;0,89;0,58;1,01;3.073;9,6;607;12,6;3.427;10,6;2.008;4,7;;;;;;;;;;;;;;;;;;C;D;A;A;A;B;8;;D;8;17;D;8;17;D;8;17;D;8;16;D;8;15;D;15;;D;14;;D;18;;C;15;;88,2;8,3;0,4;0,8;3,6;6,2;4,8;0,1;1,0;87,1;8,5;0,3;0,8;4,0;6,9;5,4;0,1;1,1;87,7;8,6;0,5;0,9;3,8;6,5;5,0;0,1;1,0;96,8;6,0;0,6;0,8;0,8;0,8;0,7;0,1;0,8;324.906;5.680.703;61.355;31.000;30.355;7.256;3.656;3.601;41.776;20.754;21.022;1.682;846;836;;;;;;;;;;;;;;;;;62.657;31.840;30.816;7.438;3.768;3.670;11,9;11,8;11,9;51,25077205;6,49098445;3.021;2.698;11,1;10,1;8,5;10,0;5,4;5,7;9,5;8,8;33.032;31.829;0,57;0,60;0,97;0,95;1,01;1,01;0,68;0,70;3.051;142;222;14;1.907;27;66;8;529;23;53;2;60;4704096A4704097A;0,953;Ri1_ist_NachNK;3.360;1.492;2;2;10.224;3,8;0,3;1.112.105;10.110;3,81;0,3;1.103.160;20;992;1.679;1.294;20;965;1.667;1.292;;
5202;5077;Aachen-Brand;5;NW;A;44;;8+1;Aachen;AS Aachen-Brand;O;Lüttich (B);AS Aachen-Lichtenbusch;W;4;0,6;270;181;61;28;42.960;22.029;20.931;44.444;22.599;21.845;45.920;23.553;22.367;33.724;18.000;15.725;+15,1;+13,8;+14,7;+22,4;8.595;4.342;4.253;10.348;5.221;5.127;8.972;4.503;4.469;1.574;856;718;-0,4;-0,9;+2,3;-7,5;20,0;23,3;19,5;4,7;1,03;0,76;1,09;2.418;18,2;534;36,5;2.654;18,7;1.709;15,6;;;;;;;;;;;;;;;;;;D;C;D;B;B;D;8;17;E;17;;D;8;17;E;17;;C;;;E;17;;D;15;;D;12;;D;18;;B;13;;78,7;8,6;0,6;1,3;3,2;16,6;14,6;0,2;0,0;75,5;8,7;0,4;1,2;3,5;19,5;17,2;0,2;0,0;78,9;8,9;0,6;1,5;3,1;16,3;14,3;0,2;0,0;94,0;7,9;1,3;1,4;1,6;2,9;2,5;0,2;0,0;297.389;5.622.998;45.573;23.194;22.379;11.037;5.571;5.466;41.128;21.107;20.022;4.998;2.475;2.523;;;;;;;;;;;;;;;;;45.157;22.919;22.237;11.280;5.699;5.580;25,0;24,9;25,1;50,72340742;6,12935408;2.030;2.075;9,2;9,9;15,0;11,4;11,9;9,7;8,9;9,3;23.291;22.454;0,80;0,71;0,95;0,98;1,10;1,09;0,89;0,89;2.139;90;407;17;1.435;45;222;8;338;24;171;1;20;5202047A5202037A;0,368;Ri1_ist_NachNK;2.780;893;2;2;18.872;4,35;0,33;2.276.640;18.661;4,39;0,33;2.268.918;39;723;3.579;3.122;42;645;3.566;3.169;;
4608;5067;Birth (Tunnel Velbert);5;NW;A;44;;8+1;Dortmund;AS Velbert-Nord (B224);O;Düsseldorf;AS Hetterscheidt;W;4;6,3;;;;;;;;;;;;;;;;;;;;;;;;;;;;;;;;;;;;;;;;;;;;;;;;;;;;;;;;;;;;;;;;;;;;;;;;;;;;;;;;;;;;;;;;;;;;;;;;;;;;;;;;;;;;;;;;;;;;;;;;;;;;;;;;;;;;;;;;;;;;361.618;5.688.568;;;;;;;;;;;;;;;;;;;;;;;;;;;;;;;;;;;;;;51,33154118;7,01361288;;;;;;;;;;;;;;;;;;;;;;;;;;;;;;;;;110;4608143O4608117A;0,294;Ri1_ist_NachNK;2.287;398;2;2;;;;;;;;;;;;;;;;;Datenprobleme in 2022;
4706;5079;Ilverich;5;NW;A;44;;8+1;Düsseldorf;AS Düsseldorf-Messe/Stadion;O;Aachen;AS Lank-Latum;W;6;85,7;145;102;17;26;66.980;32.715;34.265;72.199;35.389;36.809;66.676;32.342;34.334;47.851;23.185;24.667;+6,7;+6,0;+3,5;+16,9;5.895;2.823;3.072;7.208;3.456;3.752;6.119;2.896;3.223;709;367;342;-1,6;-2,3;-0,2;+9,6;8,8;10,0;9,2;1,5;0,92;0,65;1,00;3.770;8,5;832;12,0;4.159;9,3;2.605;4,4;;;;;;;;;;;;;;;;;;E;D;A;A;A;B;8;;E;17;;B;8;;E;17;;B;8;;D;8;15;D;13;;D;14;;C;14;;C;15;;90,3;9,1;0,3;0,6;2,8;5,9;4,8;0,1;0,3;89,1;9,5;0,3;0,6;3,1;6,7;5,5;0,1;0,3;89,9;9,2;0,4;0,6;2,9;6,1;5,0;0,1;0,3;97,6;6,8;0,5;0,6;0,8;0,7;0,5;0,1;0,3;337.647;5.684.466;74.541;36.412;38.128;8.022;3.832;4.189;52.778;25.978;26.801;1.674;815;859;;;;;;;;;;;;;;;;;75.613;37.029;38.583;8.205;3.932;4.272;10,9;10,6;11,1;51,28835062;6,67167936;3.957;3.620;12,1;10,6;7,8;5,9;4,6;4,2;10,7;9,4;39.070;40.740;0,66;0,65;0,97;0,94;1,00;1,01;0,71;0,68;3.758;136;250;14;2.481;30;85;9;730;25;75;2;80;4705068A4706164A;1,091;Ri1_ist_NachNK;3.744;1.882;3;3;10.950;3,88;0,31;1.097.180;12.203;3,97;0,31;1.245.231;34;954;1.835;1.498;42;923;2.107;1.714;;
5004;5017;Jülich-Mersch;5;NW;A;44;;8+1;Düsseldorf;AS Titz;O;Aachen;AS Jülich-Ost;W;4;34,7;;;;;;;;;;;;;;;;;;;;;;;;;;;;;;;;;;;;;;;;;;;;;;;;;;;;;;;;;;;;;;;;;;;;;;;;;;;;;;;;;;;;;;;;;;;;;;;;;;;;;;;;;;;;;;;;;;;;;;;;;;;;;;;;;;;;;;;;;;;;315.074;5.649.508;;;;;;;;;;;;;;;;;;;;;;;;;;;;;;;;;;;;;;50,96744656;6,36622935;;;;;;;;;;;;;;;;;;;;;;;;;;;;;;;;;50;5004037A4904044A;0,284;Ri1_ist_NachNK;2.081;218;2;2;;;;;;;;;;;;;;;;;Datenprobleme in 2022;
4608;5066;Langenberg;5;NW;A;44;;8+1;Dortmund;AS Langenberg;O;Düsseldorf;AD Dreieck Velbert-Nord (A535);W;4;10,5;148;102;18;28;27.366;13.931;13.435;30.250;15.380;14.871;26.709;13.675;13.034;17.404;8.835;8.569;+1,5;+2,2;-2,7;+5,7;;;;;;;;;;;;;;;;;;;;;0,88;0,59;1,01;1.563;;294;;1.719;;1.094;;;;;;;;;;;;;;;;;;;E;F;A;A;A;E;17;;B;8;;E;17;;B;8;;E;15;;B;8;;G;15;;D;15;;C;15;;C;15;;;;;;;;;;;;;;;;;;;;;;;;;;;;;;;;;;;;;;364.221;5.691.400;30.825;15.678;15.147;;;;22.289;11.442;10.847;;;;;;;;;;;;;;;;;;;;31.546;16.026;15.520;;;;;;;51,35761906;7,04987896;1.681;1.708;12,1;12,7;;;;;10,5;11,0;16.754;16.309;0,60;0,59;0,95;0,95;1,02;0,99;0,75;0,72;;;;;;;;;;;;;100;4608119A4608129A;0,855;Ri1_ist_NachNK;3.305;1.455;2;2;;;;;;;;;;;;;;;;;Keine SV-Auswertung in 2022 / Fehlerhafte Fahrzeugartenanalyse in 2022;
4419;5136;Lichtenau-Blankenrode;5;NW;A;44;;8+1;Kassel;AS Marsberg (B7);O;Dortmund;AS Lichtenau;W;5;58,5;200;128;46;26;53.318;26.780;26.538;52.863;26.826;26.038;55.846;28.426;27.421;51.870;24.562;27.308;+16,2;+16,5;+9,4;+25,6;14.891;7.646;7.245;17.988;9.216;8.771;15.743;8.041;7.702;2.255;1.282;974;+4,4;+4,3;+5,5;-1,4;27,9;34,0;28,2;4,3;1,06;0,93;1,17;2.865;24,5;934;49,0;3.076;24,7;2.233;23,8;;;;;;;;;;;;;;;;;;D;C;E;C;D;C;;;C;;;C;;;C;;;C;;;E;16;;B;12;;D;13;;B;13;;C;17;;70,0;11,1;0,4;2,1;2,5;25,2;20,5;0,2;0,0;64,1;11,6;0,3;1,9;2,9;30,9;25,2;0,2;0,0;69,3;11,3;0,4;2,5;2,5;25,5;20,7;0,2;0,0;93,2;9,1;0,6;2,5;1,0;3,1;2,6;0,2;0,0;492.506;5.709.265;54.664;27.871;26.793;19.734;10.175;9.559;48.494;24.097;24.397;6.245;2.855;3.390;;;;;;;;;;;;;;;;;53.946;27.498;26.448;20.087;10.358;9.729;37,2;37,7;36,8;51,53444483;8,89195025;2.697;2.884;10,1;10,9;2,3;2,1;1,2;0,8;9,8;10,9;27.130;26.005;0,87;1,00;0,98;0,98;1,19;1,15;0,82;0,89;2.304;82;676;14;1.694;53;478;7;474;31;427;2;150;4419005A4419025O;3,743;Ri1_ist_NachNK;5.678;5.679;2;3;34.749;4,54;0,34;4.276.519;32.829;4,53;0,34;3.630.039;53;672;6.921;5.644;54;671;6.521;5.303;;
4705;5078;Neersen;5;NW;A;44;;8+1;Düsseldorf;AS Münchheide;O;Aachen;AS Neersen (B7/L361);W;4;70,3;300;188;59;53;50.769;25.995;24.774;56.132;28.988;27.144;49.653;25.087;24.566;32.113;15.939;16.174;+0,2;-0,1;-3,0;+8,8;5.252;2.697;2.555;6.463;3.332;3.131;5.402;2.735;2.667;540;279;261;-5,4;-4,9;-7,2;-5,4;10,3;11,5;10,9;1,7;0,88;0,58;1,02;2.881;10,1;584;13,1;3.217;11,0;1.874;5,0;;;;;;;;;;;;;;;;;;E;C;A;A;A;B;8;;D;8;17;B;8;;E;17;;B;8;;D;8;15;A;;;D;15;;D;18;;C;15;;87,7;8,4;0,5;0,8;3,8;6,4;5,0;0,1;1,2;86,5;8,7;0,4;0,8;4,2;7,2;5,6;0,1;1,2;87,1;8,7;0,6;0,9;4,0;6,8;5,2;0,1;1,1;96,5;6,4;0,7;0,8;0,9;0,7;0,6;0,1;1,0;325.705;5.681.961;57.686;29.727;27.959;7.129;3.660;3.469;39.133;19.704;19.429;1.683;869;814;;;;;;;;;;;;;;;;;59.025;30.559;28.466;7.319;3.774;3.546;12,4;12,3;12,5;51,26231423;6,50180443;3.182;2.632;12,2;10,6;8,3;6,9;4,9;4,5;10,4;9,2;31.543;29.435;0,56;0,61;0,98;0,94;1,01;1,02;0,68;0,71;2.845;140;216;16;1.771;28;65;10;505;24;53;3;70;4704097A4705076A;1,165;Ri1_ist_NachNK;1.536;3.449;2;2;10.165;3,77;0,3;1.097.114;9.777;3,83;0,3;1.069.669;18;1.029;1.651;1.265;19;916;1.620;1.255;;
4706;5097;Ratingen-Schwarzbach;5;NW;A;44;;8+1;Velbert;AS Reichswaldallee (L455);O;Aachen;AK Kreuz Düsseldorf-Nord (A52);W;5;97,1;;;;;;;;;;;;;;;;;;;;;;;;;;;;;;;;;;;;;;;;;;;;;;;;;;;;;;;;;;;;;;;;;;;;;;;;;;;;;;;;;;;;;;;;;;;;;;;;;;;;;;;;;;;;;;;;;;;;;;;;;;;;;;;;;;;;;;;;;;;;346.983;5.683.691;;;;;;;;;;;;;;;;;;;;;;;;;;;;;;;;;;;;;;51,28396701;6,80578998;;;;;;;;;;;;;;;;;;;;;;;;;;;;;;;;;90;4706171A4707062A;0,286;Ri1_ist_NachNK;1.102;1.209;3;2;;;;;;;;;;;;;;;;;Datenprobleme in 2022;
4414;5110;Soest;5;NW;A;44;;8+1;Kassel;AS Soest;O;Dortmund;AK Kreuz Werl (A445);W;4;119,8;209;136;47;26;54.315;27.138;27.176;54.890;27.764;27.126;55.948;28.340;27.608;50.127;23.301;26.826;+8,0;+8,0;+3,0;+16,1;11.840;6.006;5.833;14.326;7.271;7.055;12.503;6.372;6.131;1.720;824;896;+0,4;+0,5;+0,2;-1,0;21,8;26,1;22,3;3,4;1,02;0,89;1,12;2.997;19,4;795;39,7;3.252;20,0;2.232;16,9;;;;;;;;;;;;;;;;;;D;D;B;B;D;C;;;C;;;C;;;C;;;C;;;E;15;;B;12;;D;14;;B;14;;D;18;;76,7;9,5;1,2;1,5;3,4;18,3;15,2;0,2;0,0;72,5;10,0;1,1;1,4;3,9;22,1;18,3;0,2;0,0;76,0;9,8;1,3;1,7;3,4;18,8;15,6;0,2;0,0;94,9;7,1;1,8;1,7;1,3;2,0;1,6;0,2;0,0;433.993;5.710.961;56.263;28.497;27.766;15.808;8.049;7.759;49.783;25.056;24.727;4.478;2.186;2.292;;;;;;;;;;;;;;;;;55.936;28.341;27.595;16.093;8.184;7.910;28,8;28,9;28,7;51,54587653;8,04810532;2.527;2.683;9,3;9,9;17,2;1,8;14,1;0,7;8,9;9,7;28.430;27.583;0,82;0,96;0,93;1,00;1,16;1,09;0,87;0,91;2.563;115;535;39;1.823;59;318;32;470;38;278;9;140;4413071O4414012A;8,164;Ri1_ist_NachNK;5.702;5.703;2;2;26.321;4,38;0,33;3.176.321;25.425;4,36;0,33;3.057.476;46;906;5.055;4.205;45;930;4.858;4.029;;
4412;5135;Unna-Süd;5;NW;A;44;;8+1;Kassel;AS Unna-Ost (L672);O;Dortmund;AK Kreuz Dortmund/Unna (A1);W;6;145,9;115;91;10;14;82.993;41.587;41.406;84.738;42.966;41.772;85.318;43.057;42.261;73.574;34.602;38.972;+8,5;+8,5;+3,4;+16,5;14.086;6.984;7.102;17.125;8.487;8.638;14.912;7.412;7.501;1.698;830;868;-1,5;-1,5;-1,3;-2,3;17,0;20,2;17,5;2,3;1,01;0,86;1,09;4.620;15,1;1.134;32,2;5.054;15,8;3.320;11,8;;;;;;;;;;;;;;;;;;D;D;B;B;D;C;;;D;8;17;C;;;C;;;C;;;C;;;B;12;;D;15;;B;14;;D;18;;81,7;9,8;0,5;1,4;2,5;14,4;12,0;0,1;0,0;78,5;10,5;0,4;1,3;2,9;17,2;14,4;0,1;0,0;81,1;10,0;0,6;1,4;2,5;14,8;12,4;0,1;0,0;96,2;6,7;1,0;1,5;0,7;1,5;1,3;0,1;0,0;408.450;5.708.494;86.433;43.728;42.705;19.015;9.445;9.570;77.373;39.408;37.965;4.732;2.273;2.459;;;;;;;;;;;;;;;;;86.143;43.671;42.472;19.342;9.601;9.741;22,5;22,0;22,9;51,52013875;7,68046341;3.677;3.611;8,8;8,7;16,2;6,1;13,8;4,8;8,4;8,5;44.546;42.745;0,80;0,92;0,92;0,99;1,12;1,06;0,90;0,90;4.225;136;664;28;2.913;51;340;16;764;41;324;5;130;4411094A4412024A;1,566;Ri1_ist_NachNK;4.032;4.523;3;3;30.750;4,4;0,33;3.346.522;31.179;4,39;0,33;3.393.137;38;1.014;5.932;4.969;57;1.052;5.993;5.028;;
4511;5104;Dortmund Süd;5;NW;A;45;;8+1;Dortmund;AS Dortmund-Süd;N;Gießen;AK Westhofener Kreuz (A1);S;6;23,0;280;175;56;49;69.429;35.293;34.136;75.304;38.201;37.103;68.663;35.127;33.536;48.421;24.627;23.794;-4,0;-2,3;-9,6;-3,5;7.185;3.566;3.619;8.858;4.384;4.474;7.422;3.719;3.702;637;319;318;-17,4;-17,0;-18,7;-22,1;10,3;11,8;10,8;1,3;0,91;0,67;1,03;3.911;9,5;856;18,0;4.295;10,3;2.760;5,8;;;;;;;;;;;;;;;;;;C;C;A;B;B;B;8;;D;8;17;B;8;;D;8;17;D;8;15;D;8;16;D;15;;D;15;;D;18;;D;18;;88,9;8,0;0,5;0,8;2,3;8,0;6,5;0,1;0,0;87,5;8,5;0,5;0,8;2,6;9,1;7,4;0,1;0,0;88,3;8,2;0,6;0,9;2,4;8,3;6,7;0,1;0,0;97,8;4,7;1,0;0,9;0,4;0,8;0,6;0,1;0,0;396.496;5.699.893;75.872;38.448;37.424;9.801;4.838;4.963;62.849;32.515;30.334;2.189;1.211;978;;;;;;;;;;;;;;;;;77.223;39.064;38.160;10.047;4.948;5.099;13,0;12,7;13,4;51,44075948;7,51076020;3.922;3.494;11,1;10,2;8,9;7,8;6,7;6,1;10,0;9,2;40.192;39.334;0,66;0,69;0,97;0,94;1,05;1,01;0,88;0,83;3.828;111;332;24;2.585;27;133;15;699;27;126;4;250;4511041A4510039A;1,773;Ri1_ist_NachNK;411;386;3;3;14.932;4,19;0,32;1.573.990;15.158;4,19;0,32;1.599.348;33;792;2.741;2.219;33;805;2.781;2.276;;
4510;5146;Dortmund-Eichlinghofen;5;NW;A;45;;8+1;Dortmund;AS Dortmund-Eichlinghofen;N;Gießen;AK Kreuz Dortmund/Witten (A44);S;5;14,1;164;96;39;29;50.366;25.932;24.434;55.181;28.588;26.594;49.997;25.751;24.246;32.830;16.233;16.597;-5,7;-4,2;-11,4;-3,4;5.091;2.641;2.450;6.289;3.265;3.023;5.226;2.723;2.503;446;204;242;-23,5;-22,7;-25,9;-27,2;10,1;11,4;10,5;1,4;0,91;0,62;1,03;2.830;9,4;635;16,2;3.123;10,3;1.950;5,4;;;;;;;;;;;;;;;;;;C;C;A;A;B;D;8;17;D;8;17;D;8;17;D;8;17;D;8;15;C;;;D;15;;D;15;;C;15;;C;15;;89,0;9,1;0,8;0,9;2,6;7,4;5,9;0,1;0,0;87,8;9,7;0,8;0,8;2,9;8,4;6,7;0,1;0,0;88,6;9,3;0,9;0,9;2,7;7,7;6,1;0,1;0,0;97,7;5,0;1,1;0,9;0,5;0,8;0,6;0,1;0,0;389.176;5.703.126;55.956;29.019;26.937;6.954;3.608;3.346;43.850;22.350;21.500;1.511;812;699;;;;;;;;;;;;;;;;;56.987;29.598;27.389;7.138;3.703;3.435;12,5;12,5;12,5;51,46843073;7,40445436;2.887;2.421;11,1;9,9;9,3;6,5;6,4;5,1;9,8;8,8;30.425;28.022;0,58;0,67;0,95;0,96;1,05;1,00;0,80;0,85;2.775;93;227;28;1.830;20;86;15;529;20;82;3;260;4510042A4510062A;0,786;Ri1_ist_NachNK;4.300;589;2;3;10.748;4,07;0,31;1.233.993;10.075;4,11;0,32;1.050.165;25;702;1.914;1.528;25;611;1.813;1.466;;
4410;5139;Dortmund-Marten;5;NW;A;45;;8+1;AK Dortmund-NW (A2);AS Dortmund-Hafen;N;Gießen;AK Kreuz Dortmund-West (A40);S;6;9,8;;;;;;;;;;;;;;;;;;;;;;;;;;;;;;;;;;;;;;;;;;;;;;;;;;;;;;;;;;;;;;;;;;;;;;;;;;;;;;;;;;;;;;;;;;;;;;;;;;;;;;;;;;;;;;;;;;;;;;;;;;;;;;;;;;;;;;;;;;;;388.030;5.707.065;;;;;;;;;;;;;;;;;;;;;;;;;;;;;;;;;;;;;;51,50361299;7,38672719;;;;;;;;;;;;;;;;;;;;;;;;;;;;;;;;;270;4510063A4410071A;0,657;Ri1_ist_NachNK;4.210;494;2;4;;;;;;;;;;;;;;;;;Datenprobleme in 2022;
4410;5138;Dortmund-Mengede-West;5;NW;A;45;;8+1;AK Dortmund-NW (A2);AK Kreuz Dortmund-Nordwest (A2);N;Gießen;AK Kreuz Castrop-Rauxel-Ost (A42);S;4;0,9;214;136;49;29;63.769;30.691;33.078;69.168;33.261;35.907;63.974;30.980;32.994;43.335;20.728;22.607;+0,4;+1,5;-5,2;+4,8;9.421;4.659;4.762;11.529;5.681;5.847;9.945;4.972;4.973;892;449;443;-3,7;-3,2;-5,0;-12,1;14,8;16,7;15,5;2,1;0,92;0,67;1,04;3.542;13,7;887;23,1;3.892;14,8;2.494;8,6;;;;;;;;;;;;;;;;;;D;C;A;B;B;D;8;17;B;8;;D;8;17;B;8;;C;;;B;8;;A;;;D;14;;C;15;;D;18;;84,3;9,4;0,4;1,0;3,0;11,6;9,5;0,1;0,0;82,4;10,0;0,3;0,9;3,4;13,2;10,7;0,1;0,0;83,4;9,6;0,4;1,0;3,1;12,3;10,1;0,1;0,0;96,9;5,5;0,7;1,1;0,6;1,4;1,2;0,1;0,0;386.704;5.715.265;70.624;33.891;36.733;12.847;6.339;6.508;54.518;26.872;27.646;2.825;1.458;1.368;;;;;;;;;;;;;;;;;71.551;34.307;37.244;13.086;6.440;6.646;18,3;18,8;17,8;51,57704740;7,36498600;2.778;3.132;9,1;9,5;10,2;14,5;8,2;11,3;8,1;8,4;34.755;38.692;0,68;0,67;0,98;0,97;1,05;1,02;0,85;0,77;3.301;133;444;14;2.269;31;184;9;679;34;171;2;280;4410072A4410051A;1,804;Ri1_ist_NachNK;3.699;2.589;2;2;19.771;4,24;0,32;2.336.225;20.162;4,23;0,32;2.378.035;38;942;3.680;3.012;37;980;3.744;3.059;;
5113;5106;Freudenberg;5;NW;A;45;;8+1;Dortmund;AS Freudenberg;N;Gießen;AS Siegen;S;4;101,2;162;102;39;21;43.570;22.744;20.825;44.743;23.244;21.499;45.091;23.558;21.533;37.286;19.860;17.427;-14,9;-13,7;-19,2;-13,6;8.675;4.415;4.261;10.631;5.418;5.214;9.008;4.594;4.413;951;441;510;-24,3;-23,9;-24,6;-35,5;19,9;23,8;20,0;2,5;1,01;0,83;1,16;2.404;17,4;639;38,9;2.610;18,2;1.784;14,0;;;;;;;;;;;;;;;;;;C;C;D;B;B;D;8;17;D;8;17;C;;;D;8;17;E;17;;D;8;16;D;13;;C;11;13;C;15;;D;18;;76,2;9,6;0,3;1,6;2,8;17,0;13,3;0,2;2,3;72,5;10,3;0,2;1,5;3,3;20,3;15,9;0,2;2,2;75,9;9,7;0,3;1,7;2,8;17,1;13,3;0,2;2,5;93,0;6,7;0,5;2,0;0,7;1,7;1,4;0,2;2,5;424.065;5.639.116;45.949;23.795;22.154;11.664;5.905;5.759;39.408;21.032;18.376;3.252;1.851;1.401;;;;;;;;;;;;;;;;;45.887;23.741;22.146;11.945;6.052;5.893;26,0;25,5;26,6;50,89870908;7,92017816;2.493;2.124;11,0;10,2;8,9;10,6;6,9;9,0;10,5;9,6;23.779;22.191;0,83;0,83;0,92;0,95;1,15;1,16;0,85;0,84;2.128;82;392;8;1.530;29;221;5;390;23;226;1;210;5113012A5013031A;6,458;Ri1_ist_NachNK;1.303;3.197;2;2;19.370;4,39;0,33;2.326.736;18.792;4,41;0,33;2.268.711;35;633;3.747;2.899;36;578;3.647;2.880;;
4712;5169;Kalve;5;NW;A;45;;8+1;Dortmund;AS Lüdenscheid;N;Gießen;AS Lüdenscheid-Süd;S;5;55,8;188;129;33;26;19.413;10.685;8.728;19.169;10.212;8.957;20.491;11.757;8.734;18.982;11.117;7.865;;;;;4.323;2.202;2.121;5.240;2.652;2.588;4.579;2.369;2.210;579;312;266;;;;;22,3;27,3;22,3;3,0;1,07;1,03;1,09;1.013;18,7;401;40,1;1.023;20,0;982;14,7;;;;;;;;;;;;;;;;;;A;B;E;D;D;C;;;C;;;C;;;C;;;C;;;C;;;A;;;A;;;D;19;;C;15;;74,6;8,0;0,3;1,6;3,4;18,4;13,8;0,5;1,6;69,6;8,7;0,2;1,5;4,1;22,7;17,1;0,5;1,6;74,4;8,2;0,4;1,6;3,4;18,5;13,8;0,4;1,7;93,8;5,1;0,6;1,8;1,0;1,8;1,4;0,3;1,4;407.092;5.674.304;19.231;10.206;9.025;5.694;2.857;2.837;20.799;12.499;8.300;2.071;1.244;827;;;;;;;;;;;;;;;;;19.200;10.080;9.121;5.810;2.905;2.905;30,3;28,8;31,8;51,21256002;7,66983845;1.735;858;16,2;9,8;2,4;8,1;0,6;6,4;17,2;9,4;9.885;9.011;1,09;0,96;0,98;1,00;1,11;1,06;1,09;0,93;814;43;162;4;834;27;117;3;240;17;144;0;220;4812019O4711018O;2,400;Ri1_ist_NachNK;1.080;2.964;2;3;9.495;4,31;0,33;1.130.806;9.204;4,34;0,33;998.883;33;361;1.807;1.349;57;307;1.757;1.331;;
4711;5105;Lüdenscheid Nord;5;NW;A;45;;5+1;Dortmund;AS Hagen-Süd;N;Gießen;AS Lüdenscheid-Nord;S;5;41,5;;;;;;;;;;;;;;;;;;;;;;;;;;;;;;;;;;;;;;;;;;;;;;;;;;;;;;;;;;;;;;;;;;;;;;;;;;;;;;;;;;;;;;;;;;;;;;;;;;;;;;;;;;;;;;;;;;;;;;;;;;;;;;;;;;;;;;;;;;;;400.962;5.682.617;;;;;;;;;;;;;;;;;;;;;;;;;;;;;;;;;;;;;;51,28626000;7,57980502;;;;;;;;;;;;;;;;;;;;;;;;;;;;;;;;;230;4711032A4611015A;3,694;Ri1_ist_NachNK;4.755;2.846;2;3;;;;;;;;;;;;;;;;;Datenprobleme in 2022;
4511;5140;Schwerte-Wandhofen;5;NW;A;45;;8+1;Dortmund;AK Westhofener Kreuz (A1);N;Gießen;AS Schwerte-Ergste;S;5;26,2;240;142;55;43;65.299;33.503;31.796;69.677;35.759;33.918;64.620;33.292;31.328;49.783;25.334;24.449;-16,2;-13,9;-22,0;-18,1;7.961;4.072;3.889;9.803;5.028;4.774;8.237;4.198;4.039;732;341;391;-34,0;-33,4;-35,2;-45,6;12,2;14,1;12,7;1,5;0,93;0,75;1,05;3.642;10,9;878;23,2;3.966;11,7;2.671;7,3;;;;;;;;;;;;;;;;;;D;D;A;B;B;B;8;;D;8;17;D;8;17;D;8;17;D;8;15;D;8;16;D;14;;D;15;;D;18;;D;18;;86,9;8,7;0,5;1,0;2,5;9,5;7,4;0,1;0,0;85,0;9,2;0,4;0,9;2,9;11,1;8,6;0,1;0,0;86,2;9,0;0,5;1,0;2,7;10,0;7,7;0,1;0,0;97,3;5,3;0,9;1,2;0,5;0,9;0,7;0,1;0,0;398.999;5.697.977;70.324;36.017;34.307;10.876;5.542;5.334;59.153;30.904;28.249;2.312;1.325;987;;;;;;;;;;;;;;;;;71.390;36.559;34.832;11.144;5.689;5.455;15,6;15,6;15,7;51,42399216;7,54729967;3.268;2.890;9,8;9,1;10,9;7,9;8,2;6,2;8,9;8,3;37.448;36.029;0,73;0,77;0,95;0,95;1,06;1,03;0,89;0,86;3.485;113;349;19;2.464;31;164;12;672;30;174;2;240;4511077A4511041A;1,638;Ri1_ist_NachNK;1.868;412;2;3;17.154;4,21;0,32;2.008.134;16.416;4,22;0,32;1.732.861;33;855;3.184;2.451;30;807;3.051;2.373;;
4807;5023;AK Hilden (O);5;NW;A;46;;8+1;Wuppertal;AS Hilden (L403);O;Düsseldorf;AK Kreuz Hilden (A3);W;6;11,7;;;;;;;;;;;;;;;;;;;;;;;;;;;;;;;;;;;;;;;;;;;;;;;;;;;;;;;;;;;;;;;;;;;;;;;;;;;;;;;;;;;;;;;;;;;;;;;;;;;;;;;;;;;;;;;;;;;;;;;;;;;;;;;;;;;;;;;;;;;;356.306;5.673.575;;;;;;;;;;;;;;;;;;;;;;;;;;;;;;;;;;;;;;51,19549613;6,94344427;;;;;;;;;;;;;;;;;;;;;;;;;;;;;;;;;70;4807074A4807075A;0,304;Ri1_ist_NachNK;4.469;3.755;3;3;;;;;;;;;;;;;;;;;Datenprobleme in 2022;
4807;5658;AK Hilden (W);5;NW;A;46;;8+1;Wuppertal;AS Erkrath;O;Düsseldorf;AK Kreuz Hilden (A3);W;6;10,5;;;;;;;;;;;;;;;;;;;;;;;;;;;;;;;;;;;;;;;;;;;;;;;;;;;;;;;;;;;;;;;;;;;;;;;;;;;;;;;;;;;;;;;;;;;;;;;;;;;;;;;;;;;;;;;;;;;;;;;;;;;;;;;;;;;;;;;;;;;;355.448;5.673.352;;;;;;;;;;;;;;;;;;;;;;;;;;;;;;;;;;;;;;51,19327250;6,93125856;;;;;;;;;;;;;;;;;;;;;;;;;;;;;;;;;60;4807037A4807074A;1,101;Ri1_ist_NachNK;919;4.468;3;3;;;;;;;;;;;;;;;;;Datenprobleme in 2022;
4806;5686;AK Neuss Süd (O);5;NW;A;46;;8+1;Düsseldorf;AS Neuss-Uedesheim;O;Heinsberg;AK Kreuz Neuss-Süd (A57);W;6;26,0;;;;;;;;;;;;;;;;;;;;;;;;;;;;;;;;;;;;;;;;;;;;;;;;;;;;;;;;;;;;;;;;;;;;;;;;;;;;;;;;;;;;;;;;;;;;;;;;;;;;;;;;;;;;;;;;;;;;;;;;;;;;;;;;;;;;;;;;;;;;343.562;5.670.063;;;;;;;;;;;;;;;;;;;;;;;;;;;;;;;;;;;;;;51,16059420;6,76272413;;;;;;;;;;;;;;;;;;;;;;;;;;;;;;;;;40;4806082A4806080A;0,999;Ri1_ist_NachNK;1.949;66;3;3;;;;;;;;;;;;;;;;;Datenprobleme in 2022;
4903;5075;Dremmen;5;NW;A;46;;8+1;Düsseldorf;AS Hückelhoven-West;O;Heinsberg;AS Dremmen;W;4;2,3;346;216;71;59;30.028;15.268;14.759;33.447;16.944;16.503;29.745;15.282;14.463;17.598;8.986;8.612;+1,0;+1,2;-3,4;+9,6;2.864;1.394;1.470;3.504;1.704;1.800;2.996;1.469;1.527;308;140;168;+1,1;+1,0;+0,6;+9,8;9,5;10,5;10,1;1,8;0,89;0,52;1,02;1.719;9,3;315;11,8;1.938;10,0;1.064;5,5;;;;;;;;;;;;;;;;;;D;D;A;A;A;B;8;;D;8;17;D;8;17;E;17;;B;8;;D;8;15;D;14;;D;15;;D;18;;C;15;;88,6;9,5;0,3;1,3;3,1;6,3;5,3;0,2;0,6;87,7;9,5;0,2;1,3;3,4;6,9;5,9;0,2;0,6;87,9;9,7;0,3;1,4;3,3;6,6;5,6;0,2;0,6;96,7;8,2;0,5;1,0;1,0;0,7;0,6;0,1;0,6;301.805;5.658.993;34.370;17.468;16.902;3.896;1.905;1.991;23.566;11.979;11.587;862;384;477;;;;;;;;;;;;;;;;;35.132;17.800;17.331;3.977;1.941;2.036;11,3;10,9;11,7;51,04822911;6,17231646;1.704;1.694;11,2;11,5;7,8;7,3;5,1;4,3;9,6;9,8;18.099;17.767;0,53;0,52;0,99;0,98;1,02;1,02;0,68;0,69;1.738;70;124;5;1.002;17;41;3;277;9;28;1;10;4903078A4903082A;0,562;Ri1_ist_NachNK;4.208;2.371;2;2;5.482;3,93;0,31;620.102;5.698;3,87;0,31;637.841;24;439;932;782;23;499;949;813;;
4806;5040;Düsseldorf-Flehe;5;NW;A;46;;8+1;Düsseldorf;AS Düsseldorf-Bilk;O;Heinsberg;AS Neuss-Uedesheim;W;6;73,3;;;;;;;;;;;;;;;;;;;;;;;;;;;;;;;;;;;;;;;;;;;;;;;;;;;;;;;;;;;;;;;;;;;;;;;;;;;;;;;;;;;;;;;;;;;;;;;;;;;;;;;;;;;;;;;;;;;;;;;;;;;;;;;;;;;;;;;;;;;;344.474;5.671.212;;;;;;;;;;;;;;;;;;;;;;;;;;;;;;;;;;;;;;51,17116282;6,77525800;;;;;;;;;;;;;;;;;;;;;;;;;;;;;;;;;50;4806080A4806085A;1,018;Ri1_ist_NachNK;75;3.008;3;3;;;;;;;;;;;;;;;;;Datenprobleme in 2022;
4614;5150;Freienohl;5;NW;A;46;;8+1;Brilon;AS Wennemen;O;Neheim, A445;AS Freienohl;W;4;72,9;229;137;52;40;21.627;10.769;10.858;22.538;11.440;11.098;21.740;11.156;10.584;18.085;7.780;10.305;+8,8;+10,5;+0,0;+15,8;2.246;1.105;1.141;2.764;1.356;1.407;2.351;1.172;1.179;182;83;98;+5,7;+6,5;+2,7;+16,4;10,4;12,3;10,8;1,0;0,96;0,80;1,18;1.264;9,8;176;18,9;1.450;10,6;706;5,0;;;;;;;;;;;;;;;;;;E;B;C;C;D;B;8;;D;8;17;D;8;17;D;8;17;E;16;;D;8;14;F;12;;C;11;15;B;14;;E;12;;88,2;8,6;0,6;1,4;2,4;7,7;6,3;0,2;0,0;86,3;9,1;0,4;1,4;2,8;9,2;7,6;0,2;0,0;87,6;8,8;0,7;1,6;2,6;8,0;6,6;0,2;0,0;97,5;6,3;1,2;1,5;0,5;0,4;0,3;0,1;0,0;441.724;5.690.475;23.165;11.786;11.379;3.123;1.539;1.584;18.331;9.348;8.983;420;203;217;;;;;;;;;;;;;;;;;23.261;11.807;11.454;3.187;1.565;1.622;13,7;13,3;14,2;51,36254029;8,16294547;1.306;1.293;12,1;11,9;6,5;1,0;5,3;0,2;11,1;11,3;10.878;11.335;0,66;0,93;1,00;1,00;1,27;1,10;0,81;0,80;1.287;41;112;9;666;8;28;4;142;6;27;1;120;4614047A4615025A;2,331;Ri1_ist_NachNK;4.997;4.056;2;2;4.584;4,15;0,32;536.786;4.702;4,12;0,32;550.109;19;255;831;676;24;272;845;695;;
4611;5141;Hagen-Hohenlimburg;5;NW;A;46;;8+1;Iserlohn;AS Hagen-Hohenlimburg;O;Hagen;AK Kreuz Hagen (A45);W;4;1,6;232;138;54;40;47.999;25.022;22.977;53.250;27.809;25.441;46.969;24.428;22.541;29.653;15.341;14.312;+11,2;+11,7;+6,0;+18,8;3.669;1.895;1.774;4.543;2.350;2.193;3.750;1.933;1.817;301;148;153;+0,6;+0,9;-1,0;+8,9;7,6;8,5;8,0;1,0;0,88;0,57;1,03;2.739;7,5;523;9,5;3.040;8,3;1.833;3,2;;;;;;;;;;;;;;;;;;D;D;A;A;A;D;8;17;B;8;;D;8;17;B;8;;D;8;15;B;8;;D;15;;D;14;;C;15;;C;15;;91,8;7,3;0,5;0,6;2,2;5,0;4,1;0,4;0,0;90,9;7,8;0,4;0,6;2,5;5,6;4,6;0,4;0,0;91,4;7,6;0,6;0,6;2,4;5,2;4,2;0,4;0,0;98,4;4,0;0,9;0,6;0,3;0,3;0,2;0,4;0,0;398.327;5.691.900;54.096;28.270;25.826;5.082;2.626;2.456;39.971;20.634;19.337;773;406;367;;;;;;;;;;;;;;;;;55.407;28.987;26.420;5.223;2.701;2.521;9,4;9,3;9,5;51,36924814;7,53937414;2.613;2.546;10,4;11,1;4,8;7,7;3,3;4,7;9,0;9,6;29.857;27.084;0,54;0,60;0,94;0,98;1,03;1,03;0,73;0,78;2.772;90;163;15;1.765;21;38;10;471;14;36;2;100;4611036A4611034A;1,597;Ri1_ist_NachNK;1.184;3.219;2;2;7.386;3,9;0,32;851.119;6.929;3,91;0,32;801.895;101;563;1.232;1.007;99;516;1.158;951;;
4904;5041;Hochneukirch;5;NW;A;46;;8+1;Düsseldorf;AD Dreieck Holz (A44);O;Heinsberg;AK Kreuz Mönchengladbach-Wanlo (A61);W;4;27,0;;;;;;;;;;;;;;;;;;;;;;;;;;;;;;;;;;;;;;;;;;;;;;;;;;;;;;;;;;;;;;;;;;;;;;;;;;;;;;;;;;;;;;;;;;;;;;;;;;;;;;;;;;;;;;;;;;;;;;;;;;;;;;;;;;;;;;;;;;;;322.083;5.663.221;;;;;;;;;;;;;;;;;;;;;;;;;;;;;;;;;;;;;;51,09284649;6,45921843;;;;;;;;;;;;;;;;;;;;;;;;;;;;;;;;;20;4804115A4904052A;2,625;Ri1_ist_NachNK;3.082;804;2;2;;;;;;;;;;;;;;;;;Datenprobleme in 2022;
4615;5119;Meschede;5;NW;A;46;;8+1;Brilon;AS Meschede;O;Hagen;AS Enste;W;4;80,7;254;147;63;44;18.336;9.218;9.118;19.452;9.961;9.491;17.811;9.264;8.546;14.821;6.380;8.440;+5,4;+7,6;-4,9;+12,2;2.013;1.023;990;2.479;1.260;1.219;2.065;1.063;1.003;208;86;122;+7,9;+9,2;+2,3;+23,0;11,0;12,7;11,6;1,4;0,92;0,75;1,17;1.072;10,5;148;18,5;1.236;11,2;581;5,6;;;;;;;;;;;;;;;;;;E;B;A;C;D;D;8;17;D;8;17;D;8;17;D;8;17;E;16;;D;8;14;D;12;;C;11;15;B;14;;E;12;;85,2;8,0;0,6;1,8;2,4;7,8;6,0;0,9;2,0;83,4;8,4;0,4;1,8;2,7;9,1;7,0;0,9;2,0;84,4;8,0;0,7;2,0;2,5;8,2;6,3;0,9;2,0;95,3;6,2;1,2;1,5;0,6;0,4;0,3;0,4;1,8;449.107;5.690.298;19.854;10.204;9.650;2.780;1.417;1.363;15.103;7.764;7.338;417;213;204;;;;;;;;;;;;;;;;;20.175;10.333;9.842;2.852;1.450;1.402;14,1;14,0;14,2;51,36166242;8,26901346;1.155;1.111;12,5;12,2;6,7;1,0;4,3;0,2;11,2;11,3;9.801;9.607;0,62;0,89;1,01;1,01;1,26;1,08;0,77;0,75;1.089;43;96;8;545;9;24;4;121;6;22;0;130;4615026A4615024A;1,427;Ri1_ist_NachNK;354;3.264;2;2;4.136;4,04;0,33;491.312;4.009;4,05;0,33;484.407;67;233;723;564;91;201;698;533;;
4805;5016;Neuss-Holzheim;5;NW;A;46;;8+1;Düsseldorf;AS Neuss-Holzheim (B230);O;Heinsberg;AS Kapellen;W;4;61,7;303;202;65;36;69.095;34.492;34.602;73.909;36.887;37.022;69.867;34.804;35.063;50.140;25.153;24.986;+5,1;+5,4;+0,6;+12,0;10.465;5.046;5.419;12.713;6.158;6.554;10.962;5.231;5.731;1.445;657;788;+1,3;+1,4;+0,3;+5,7;15,1;17,2;15,7;2,9;0,95;0,71;1,06;3.875;14,4;887;21,5;4.241;15,6;2.777;9,0;;;;;;;;;;;;;;;;;;D;D;A;B;B;D;7;17;E;17;;B;7;;E;17;;C;;;E;17;;D;15;;D;15;;D;18;;C;15;;83,1;11,5;0,2;0,8;3,8;11,2;9,7;0,2;1,0;81,1;11,5;0,1;0,8;4,2;12,8;11,2;0,2;0,9;82,4;11,7;0,2;0,9;3,9;11,6;10,1;0,2;1,0;95,3;11,8;0,3;0,8;1,5;1,3;1,1;0,1;1,0;334.356;5.669.341;75.486;37.604;37.883;14.011;6.778;7.233;60.355;30.369;29.986;3.864;1.800;2.064;;;;;;;;;;;;;;;;;76.171;37.932;38.239;14.292;6.934;7.357;18,8;18,3;19,2;51,15151001;6,63151085;3.009;3.363;8,7;9,7;13,1;11,8;9,4;7,8;7,9;8,8;38.320;38.905;0,71;0,70;0,98;0,98;1,07;1,06;0,83;0,80;3.570;185;478;8;2.523;65;184;4;696;35;155;1;30;4805070A4805071A;1,677;Ri1_ist_NachNK;2.779;892;2;2;20.964;4,15;0,32;2.462.281;22.113;4,08;0,32;2.565.402;59;1.199;3.788;3.324;69;1.431;3.919;3.398;;
4614;5149;Oeventrop;5;NW;A;46;;8+1;Brilon;AS Freienohl;O;Neheim, A445;AS Arnsberg-Ost;W;4;67,6;263;159;61;43;21.871;10.969;10.902;22.788;11.677;11.111;21.864;11.184;10.680;18.453;8.054;10.399;+9,4;+11,0;+0,5;+16,9;2.315;1.156;1.159;2.853;1.423;1.429;2.413;1.211;1.202;185;90;95;+6,1;+6,8;+3,1;+16,5;10,6;12,5;11,0;1,0;0,96;0,79;1,17;1.277;10,0;180;19,1;1.461;10,8;726;5,0;;;;;;;;;;;;;;;;;;E;B;A;C;D;D;8;17;B;8;;D;8;17;D;8;17;E;17;;D;8;14;D;14;;D;12;;B;14;;E;12;;87,9;8,6;0,7;1,5;2,5;7,9;6,4;0,2;0,0;86,0;9,0;0,5;1,4;2,9;9,4;7,7;0,2;0,0;87,4;8,8;0,8;1,6;2,7;8,2;6,7;0,2;0,0;97,5;6,2;1,3;1,5;0,5;0,4;0,3;0,1;0,0;438.304;5.693.530;23.341;11.957;11.383;3.219;1.609;1.610;18.761;9.600;9.162;434;213;220;;;;;;;;;;;;;;;;;23.487;12.038;11.449;3.290;1.642;1.648;14,0;13,6;14,4;51,38964710;8,11329881;1.351;1.284;12,3;11,8;4,4;1,0;3,7;0,2;11,2;11,2;11.464;11.369;0,67;0,91;0,99;0,99;1,26;1,07;0,82;0,79;1.293;43;115;10;685;8;28;5;145;6;28;1;110;4514028A4614047A;2,644;Ri1_ist_NachNK;2.236;4.998;2;2;4.768;4,12;0,32;557.199;4.783;4,13;0,32;559.239;23;275;858;699;23;275;861;705;;
4609;5044;W-Oberbarmen;5;NW;A;46;;8+1;Hagen;AS Wuppertal-Oberbarmen;O;Wuppertal;AS Wuppertal-Wichlinghausen;W;4;34,0;244;183;32;29;69.517;35.287;34.230;74.226;38.042;36.184;69.178;34.842;34.336;52.340;25.544;26.796;+3,3;+3,7;-2,5;+12,2;10.531;5.287;5.245;12.725;6.398;6.327;11.142;5.582;5.560;1.572;765;807;+0,4;-0,1;+0,8;+9,9;15,1;17,1;16,1;3,0;0,93;0,76;1,06;3.891;14,0;908;25,0;4.231;15,0;2.870;9,5;;;;;;;;;;;;;;;;;;D;D;A;B;B;D;8;17;D;8;17;D;8;17;D;8;17;C;;;C;;;A;;;D;15;;C;15;;D;18;;83,8;8,7;0,1;0,7;4,7;10,3;8,6;0,1;0,4;81,8;9,0;0,1;0,6;5,2;11,8;9,9;0,1;0,4;82,7;8,8;0,2;0,7;5,0;11,0;9,2;0,1;0,5;95,9;6,6;0,2;0,7;1,6;1,3;1,1;0,1;0,4;377.158;5.685.509;75.296;38.456;36.840;14.033;7.055;6.978;61.662;31.358;30.305;4.074;2.021;2.053;;;;;;;;;;;;;;;;;76.218;39.064;37.154;14.259;7.171;7.088;18,7;18,4;19,1;51,30762142;7,23761132;3.137;2.890;8,9;8,4;12,9;15,4;8,2;10,1;8,0;7,8;39.828;37.937;0,74;0,78;0,97;0,99;1,08;1,04;0,85;0,86;3.591;223;412;5;2.593;78;196;3;680;50;177;1;90;4709140A4609051A;3,037;Ri1_ist_NachNK;544;3.435;2;2;20.860;3,95;0,31;2.353.975;20.817;3,97;0,31;2.355.251;49;1.676;3.562;3.030;50;1.607;3.587;2.978;;
4708;5045;W-Sonnborn;5;NW;A;46;;8+1;Wuppertal;AS Wuppertal-Varresbeck;O;Düsseldorf;AD Dreieck Sonnborner Kreuz (A535);W;6;23,9;;;;;;;;;;;;;;;;;;;;;;;;;;;;;;;;;;;;;;;;;;;;;;;;;;;;;;;;;;;;;;;;;;;;;;;;;;;;;;;;;;;;;;;;;;;;;;;;;;;;;;;;;;;;;;;;;;;;;;;;;;;;;;;;;;;;;;;;;;;;367.364;5.679.121;;;;;;;;;;;;;;;;;;;;;;;;;;;;;;;;;;;;;;51,24801102;7,09954832;;;;;;;;;;;;;;;;;;;;;;;;;;;;;;;;;80;4708103U4708091W;0,842;Ri1_ist_NachNK;5.061;4.101;3;3;;;;;;;;;;;;;;;;;Datenprobleme in 2022;
4508;5043;AD Essen Ost (S);5;NW;A;52;;8+1;Essen;AD Dreieck Essen-Ost (A40);O;Düsseldorf;AS Essen-Bergerhausen;W;5;32,8;;;;;;;;;;;;;;;;;;;;;;;;;;;;;;;;;;;;;;;;;;;;;;;;;;;;;;;;;;;;;;;;;;;;;;;;;;;;;;;;;;;;;;;;;;;;;;;;;;;;;;;;;;;;;;;;;;;;;;;;;;;;;;;;;;;;;;;;;;;;363.655;5.701.451;;;;;;;;;;;;;;;;;;;;;;;;;;;;;;;;;;;;;;51,44781382;7,03788332;;;;;;;;;;;;;;;;;;;;;;;;;;;;;;;;;90;4508070A4508098D;0,851;Ri1_ist_NachNK;3.367;1.596;2;3;;;;;;;;;;;;;;;;;Datenprobleme in 2022;
4607;5639;AK Breitscheid (O);5;NW;A;52;;8+1;Essen;AS Breitscheid (B1/B227);O;Düsseldorf;AK Kreuz Breitscheid (A3);W;6;64,6;309;198;65;46;95.452;45.770;49.683;101.917;48.674;53.243;94.917;45.590;49.327;71.957;35.138;36.819;;;;;;;;;;;;;;;;;;;;;;;;;0,93;0,72;0,98;5.360;;1.211;;5.789;;4.075;;;;;;;;;;;;;;;;;;;D;D;A;B;B;E;17;;B;8;;E;17;;B;8;;E;16;;B;8;;D;14;;D;15;;C;15;;C;15;;;;;;;;;;;;;;;;;;;;;;;;;;;;;;;;;;;;;;351.005;5.691.137;103.673;49.475;54.199;;;;83.174;40.287;42.886;;;;;;;;;;;;;;;;;;;;105.064;50.081;54.983;;;;;;;51,35194861;6,86030699;4.517;5.194;9,9;10,5;;;;;9,0;9,4;51.981;56.092;0,74;0,69;0,94;0,96;1,00;0,95;0,84;0,78;;;;;;;;;;;;;70;4607056A4607057A;0,360;Ri1_ist_NachNK;3.146;4.422;3;3;;;;;;;;;;;;;;;;;Keine SV-Auswertung in 2022 / Fehlerhafte Fahrzeugartenanalyse in 2022;
4607;5637;AK Breitscheid (W);5;NW;A;52;;8+1;Essen;AK Kreuz Breitscheid (A3);O;Düsseldorf;AD Dreieck Breitscheid (A524);W;6;64,2;273;176;61;36;110.397;53.424;56.972;117.482;56.834;60.648;111.594;53.627;57.967;82.424;40.430;41.995;+9,2;+9,2;+5,3;+16,8;7.842;3.799;4.043;9.502;4.604;4.898;8.247;3.977;4.270;1.136;572;564;+1,5;+0,9;+2,0;+17,6;7,1;8,1;7,4;1,4;0,95;0,69;0,98;6.136;6,8;1.527;9,9;6.646;7,5;4.608;3,6;;;;;;;;;;;;;;;;;;D;D;C;B;A;D;8;17;B;8;;D;8;16;B;8;;D;8;15;B;8;;D;14;;A;;;A;;;C;15;;92,3;10,1;0,3;0,6;2,3;4,7;3,7;0,1;0,0;91,3;10,6;0,2;0,6;2,6;5,4;4,3;0,1;0,0;92,0;10,0;0,3;0,7;2,4;4,9;3,8;0,1;0,0;98,1;7,1;0,5;0,5;0,6;0,7;0,6;0,1;0,0;350.604;5.690.627;120.423;57.981;62.442;10.576;5.117;5.458;94.622;46.586;48.036;2.464;1.198;1.266;;;;;;;;;;;;;;;;;121.516;58.551;62.965;10.770;5.215;5.555;8,9;8,9;8,8;51,34725794;6,85477371;5.038;5.871;9,4;10,3;5,3;6,8;3,4;4,3;8,6;9,3;58.012;62.409;0,73;0,66;0,99;0,93;1,00;0,96;0,82;0,71;6.129;178;320;19;4.430;51;114;13;1.372;43;108;3;60;4607055A4607056A;0,221;Ri1_ist_NachNK;1.572;3.144;3;3;14.676;3,86;0,3;1.466.051;15.889;3,93;0,31;1.607.608;55;1.294;2.450;1.948;61;1.270;2.712;2.147;;
4702;5260;Elmpt;5;NW;A;52;;8+1;Mönchengladbach;AS Elmpt;O;Roermond (NL);Bundesgrenze (NL);W;4;2,0;281;171;64;46;15.821;7.803;8.017;14.270;6.952;7.318;16.770;8.186;8.584;20.434;10.507;9.927;+38,9;+32,1;+34,6;+66,8;1.820;891;928;2.211;1.081;1.130;1.903;923;981;251;142;109;+0,2;+0,2;+0,0;+0,9;11,5;15,5;11,3;1,2;1,18;1,63;1,20;926;11,0;125;18,3;1.006;12,1;688;6,4;;;;;;;;;;;;;;;;;;A;A;F;F;F;E;18;;D;11;13;E;17;;D;11;13;E;18;;E;17;;H;18;;F;12;;-;;;-;;;87,3;7,2;0,3;1,1;1,8;9,5;8,2;0,2;0,0;83,4;7,6;0,2;1,1;2,4;13,0;11,2;0,2;0,0;87,3;7,2;0,4;1,3;1,7;9,4;8,2;0,2;0,0;97,7;6,1;0,5;1,1;0,5;0,6;0,5;0,1;0,0;299.133;5.677.177;14.253;6.958;7.295;2.461;1.202;1.259;18.006;8.728;9.278;551;265;287;;;;;;;;;;;;;;;;;13.621;6.640;6.981;2.511;1.229;1.281;18,4;18,5;18,3;51,21061024;6,12411609;1.414;1.398;18,1;17,4;1,1;0,7;0,3;0,3;21,3;20,0;6.421;6.627;1,71;1,55;1,00;0,99;1,15;1,26;1,37;1,43;880;21;101;4;642;10;35;2;102;4;19;0;10;4702007O4702008O;3,933;Ri1_ist_NachNK;6.094;6.093;2;2;3.878;4,35;0,33;468.576;4.047;4,36;0,33;490.643;11;143;737;631;14;146;769;669;;
4507;5028;Essen-Bredeney;5;NW;A;52;;8+1;Essen;AS Essen-Rüttenscheid;O;Düsseldorf;AS Essen-Haarzopf;W;4;76,0;;;;;;;;;;;;;;;;;;;;;;;;;;;;;;;;;;;;;;;;;;;;;;;;;;;;;;;;;;;;;;;;;;;;;;;;;;;;;;;;;;;;;;;;;;;;;;;;;;;;;;;;;;;;;;;;;;;;;;;;;;;;;;;;;;;;;;;;;;;;359.118;5.697.954;;;;;;;;;;;;;;;;;;;;;;;;;;;;;;;;;;;;;;51,41527897;6,97403524;;;;;;;;;;;;;;;;;;;;;;;;;;;;;;;;;80;4507048O4507207A;2,260;Ri1_ist_NachNK;9.483;9.484;2;2;;;;;;;;;;;;;;;;;Datenprobleme in 2022;
4308;5142;Gelsenkirchen-Polsum;5;NW;A;52;;8+1;Marl, A43;AS Dorsten-Ost;O;Gladbeck (B224), A2;AS Gelsenkirchen-Hassel;W;4;9,0;248;159;58;31;40.997;20.849;20.148;43.562;22.300;21.262;41.364;20.959;20.405;30.954;15.291;15.664;+7,0;+6,3;+2,4;+20,5;5.699;2.870;2.829;6.924;3.493;3.432;6.002;3.005;2.997;741;373;368;-2,8;-2,7;-3,0;-2,4;13,9;15,9;14,5;2,4;0,95;0,74;1,05;2.265;12,7;595;22,9;2.485;13,4;1.602;9,5;;;;;;;;;;;;;;;;;;D;D;A;B;B;D;8;16;D;8;16;D;8;16;D;8;16;D;8;16;C;;;D;15;;E;17;;C;15;;D;18;;85,1;8,7;0,6;1,0;2,4;11,4;9,3;0,1;0,0;83,2;9,1;0,5;1,0;2,7;13,1;10,6;0,1;0,0;84,3;8,9;0,7;1,2;2,5;11,9;9,6;0,1;0,0;96,4;5,9;1,2;1,2;0,6;1,7;1,5;0,1;0,0;364.010;5.720.557;44.631;22.857;21.775;7.660;3.867;3.793;35.167;17.642;17.525;2.011;968;1.043;;;;;;;;;;;;;;;;;45.053;23.122;21.931;7.800;3.944;3.856;17,3;17,1;17,6;51,61958528;7,03561123;1.904;1.726;9,1;8,6;10,5;11,0;8,3;9,0;8,2;7,9;23.477;22.056;0,72;0,76;0,97;0,98;1,05;1,05;0,80;0,80;2.136;66;267;16;1.439;21;132;10;457;18;118;2;100;4308049A4308062A;1,040;Ri1_ist_NachNK;646;3.530;2;2;12.402;4,32;0,33;1.480.991;12.242;4,33;0,33;1.464.561;25;491;2.355;1.897;24;480;2.325;1.898;;
4607;5027;Lintorf;5;NW;A;52;;8+1;Essen;AD Dreieck Breitscheid (A524);O;Düsseldorf;AS Tiefenbroich;W;6;14,5;62;30;13;19;94.808;45.547;49.261;100.898;48.640;52.257;95.115;45.237;49.878;71.663;34.369;37.293;+9,1;+8,4;+6,0;+19,0;7.081;3.206;3.875;8.479;3.874;4.605;7.582;3.352;4.230;1.233;530;703;+4,6;+3,0;+8,4;+18,3;7,5;8,4;8,0;1,7;0,94;0,73;1,03;5.293;7,1;1.265;10,5;5.728;7,9;3.986;3,7;;;;;;;;;;;;;;;;;;B;D;A;B;B;D;8;17;B;8;;D;8;17;B;8;;E;15;;B;8;;D;14;;A;;;C;15;;A;;;91,5;7,5;0,1;0,4;3,0;4,4;3,7;0,1;0,6;90,6;7,8;0,1;0,4;3,3;5,0;4,2;0,1;0,6;90,9;7,8;0,1;0,5;3,2;4,7;3,9;0,1;0,6;97,4;5,3;0,1;0,4;1,0;0,6;0,6;0,1;0,5;350.071;5.689.700;103.158;49.572;53.586;9.421;4.283;5.138;81.494;39.151;42.343;2.605;1.128;1.477;;;;;;;;;;;;;;;;;104.240;50.278;53.962;9.538;4.368;5.169;9,1;8,7;9,6;51,33878315;6,84751157;5.079;5.143;11,2;10,4;6,1;7,5;3,6;4,1;10,1;9,5;52.281;55.912;0,73;0,73;1,01;0,96;1,05;1,01;0,81;0,80;5.270;196;256;7;3.833;58;91;4;1.131;43;90;1;50;4606009A4607055A;2,190;Ri1_ist_NachNK;2.962;1.078;3;3;11.868;3,7;0,3;1.150.113;14.451;3,73;0,3;1.406.151;44;1.299;1.863;1.554;42;1.540;2.293;1.927;;
4703;5046;Schwalmtal;5;NW;A;52;;8+1;Mönchengladbach;AS Hostert;O;Roermond (NL);AS Schwalmtal;W;4;15,4;107;58;49;0;30.948;15.406;15.543;30.790;15.552;15.238;30.303;15.232;15.072;32.345;15.077;17.268;+15,0;+11,8;+11,2;+33,6;2.698;1.385;1.312;3.252;1.666;1.586;2.813;1.427;1.386;480;284;196;+2,7;+2,4;+3,0;+8,7;8,7;10,6;9,3;1,5;0,98;1,08;1,07;1.795;8,4;278;13,2;1.961;9,2;1.297;4,6;;;;;;;;;;;;;;;;;;B;B;C;D;D;D;8;18;F;17;;B;8;;E;17;;B;8;;D;8;17;H;18;;F;12;;G;18;;F;14;;89,6;7,3;0,3;1,0;2,5;6,2;5,5;0,1;0,8;87,8;7,5;0,2;0,9;2,8;7,6;6,8;0,1;0,8;88,9;7,5;0,3;1,1;2,6;6,6;5,8;0,1;0,7;96,8;6,1;0,6;1,0;0,9;0,5;0,5;0,1;0,7;309.126;5.675.814;31.013;15.721;15.293;3.598;1.840;1.758;28.997;14.266;14.730;935;472;462;;;;;;;;;;;;;;;;;31.037;15.729;15.308;3.669;1.882;1.788;11,8;12,0;11,7;51,20179498;6,26772322;1.867;2.289;12,1;14,7;1,1;0,5;0,3;0,1;11,9;15,0;16.037;15.166;1,00;1,16;1,01;0,96;1,00;1,15;0,95;1,01;1.775;54;127;6;1.232;18;41;5;241;9;28;1;20;4703068A4703064A;0,653;Ri1_ist_NachNK;2.342;434;2;2;5.564;4,02;0,31;638.461;5.337;4,07;0,32;619.319;17;402;967;847;16;358;939;847;;
4705;5085;Willich-Schiefbahn;5;NW;A;52;;8+1;Düsseldorf;AS Schiefbahn;O;Mönchengladbach;AK Kreuz Neersen (A44);W;4;33,3;316;196;68;52;53.286;26.008;27.278;56.529;27.588;28.941;54.462;26.577;27.886;39.699;19.397;20.302;+10,8;+8,9;+8,0;+28,7;4.343;2.016;2.326;5.197;2.431;2.765;4.891;2.212;2.679;469;221;248;+3,9;+1,7;+10,3;+21,0;8,2;9,2;9,0;1,2;0,96;0,71;1,02;3.048;7,9;565;11,1;3.337;8,7;2.179;3,9;;;;;;;;;;;;;;;;;;D;D;B;B;B;B;8;;E;17;;B;8;;E;17;;B;8;;E;16;;D;15;;D;14;;G;18;;B;14;;91,1;8,2;0,4;0,7;2,2;5,8;4,9;0,1;0,0;90,1;8,8;0,3;0,7;2,5;6,6;5,5;0,1;0,0;90,2;8,4;0,5;0,8;2,4;6,5;5,5;0,1;0,0;98,0;4,8;0,7;0,8;0,4;0,7;0,6;0,1;0,0;326.914;5.678.977;57.967;28.350;29.618;5.894;2.753;3.141;46.538;22.417;24.120;1.368;553;815;;;;;;;;;;;;;;;;;58.161;28.425;29.736;5.889;2.771;3.118;10,1;9,7;10,5;51,23587714;6,52055563;2.874;2.937;11,1;10,8;7,6;7,2;5,4;5,3;10,1;9,9;29.498;30.245;0,72;0,70;0,95;0,97;1,00;1,05;0,79;0,82;3.032;87;205;14;2.084;19;67;10;500;16;47;2;30;4704096A4705054A;2,494;Ri1_ist_NachNK;1.671;2.390;2;2;8.102;4,02;0,32;932.174;9.495;4,08;0,32;1.102.222;37;568;1.411;1.195;38;603;1.685;1.424;;
4505;5064;AK Kamp-Lintfort (N);5;NW;A;57;;8+1;Nimwegen (NL);AS Kamp-Lintfort (L287);N;Krefeld;AK Kreuz Kamp-Lintfort (A42);S;4;55,7;;;;;;;;;;;;;;;;;;;;;;;;;;;;;;;;;;;;;;;;;;;;;;;;;;;;;;;;;;;;;;;;;;;;;;;;;;;;;;;;;;;;;;;;;;;;;;;;;;;;;;;;;;;;;;;;;;;;;;;;;;;;;;;;;;;;;;;;;;;;331.709;5.707.368;;;;;;;;;;;;;;;;;;;;;;;;;;;;;;;;;;;;;;51,49237311;6,57574294;;;;;;;;;;;;;;;;;;;;;;;;;;;;;;;;;140;4505040A4505053A;0,502;Ri1_ist_VonNK;1.852;2.881;2;2;;;;;;;;;;;;;;;;;Datenprobleme in 2022;
4505;5636;AK Kamp-Lintfort (S);5;NW;A;57;;8+1;Nimwegen (NL);AK Kreuz Kamp-Lintfort (A42);N;Krefeld;AS Moers-Hülsdonk;S;4;47,4;297;199;69;29;66.148;34.449;31.699;70.994;37.189;33.805;67.555;35.343;32.212;46.281;23.096;23.186;+3,2;+3,4;-0,6;+9,9;12.424;6.327;6.097;14.989;7.634;7.355;13.182;6.739;6.443;1.891;928;963;+0,0;+0,3;+0,0;-9,5;18,8;21,1;19,5;4,1;0,95;0,70;1,03;3.721;18,1;827;24,8;4.063;19,3;2.695;12,7;;;;;;;;;;;;;;;;;;D;D;A;A;B;E;17;;B;8;;E;17;;B;8;;E;16;;C;;;D;15;;D;14;;C;15;;D;18;;79,6;8,5;0,1;0,9;3,8;14,8;12,9;0,1;0,7;77,3;8,7;0,1;0,9;4,2;16,8;14,6;0,1;0,7;78,6;8,4;0,2;1,0;4,0;15,5;13,4;0,1;0,8;94,4;7,4;0,2;1,1;1,6;2,4;2,1;0,1;0,4;331.889;5.706.495;73.258;38.373;34.885;16.517;8.428;8.089;54.997;28.754;26.243;4.942;2.477;2.465;;;;;;;;;;;;;;;;;73.777;38.691;35.086;16.781;8.559;8.222;22,7;22,1;23,4;51,48458341;6,57874796;3.515;2.917;10,2;9,2;14,7;18,3;11,8;14,2;9,1;8,3;39.539;35.892;0,63;0,77;0,94;0,99;1,04;1,01;0,78;0,84;3.272;179;606;6;2.350;56;285;4;621;30;174;1;130;4505053A4505039A;0,500;Ri1_ist_VonNK;949;1.853;2;2;26.724;4,22;0,32;3.159.980;26.119;4,28;0,33;3.112.407;40;1.363;4.924;4.295;29;1.179;4.888;4.241;;
4505;5660;AK Moers (N);5;NW;A;57;;8+1;Nimwegen (NL);AS Moers-Hülsdonk;N;Krefeld;AK Kreuz Moers (A40);S;4;61,4;;;;;;;;;;;;;;;;;;;;;;;;;;;;;;;;;;;;;;;;;;;;;;;;;;;;;;;;;;;;;;;;;;;;;;;;;;;;;;;;;;;;;;;;;;;;;;;;;;;;;;;;;;;;;;;;;;;;;;;;;;;;;;;;;;;;;;;;;;;;333.401;5.701.512;;;;;;;;;;;;;;;;;;;;;;;;;;;;;;;;;;;;;;51,44027078;6,60285125;;;;;;;;;;;;;;;;;;;;;;;;;;;;;;;;;120;4505039A4505028A;2,213;Ri1_ist_VonNK;138;803;2;2;;;;;;;;;;;;;;;;;Datenprobleme in 2022;
4505;5662;AK Moers (S);5;NW;A;57;;8+1;Nimwegen (NL);AK Kreuz Moers (A40);N;Krefeld;AS Moers-Kapellen;S;4;63,0;;;;;;;;;;;;;;;;;;;;;;;;;;;;;;;;;;;;;;;;;;;;;;;;;;;;;;;;;;;;;;;;;;;;;;;;;;;;;;;;;;;;;;;;;;;;;;;;;;;;;;;;;;;;;;;;;;;;;;;;;;;;;;;;;;;;;;;;;;;;333.526;5.699.531;;;;;;;;;;;;;;;;;;;;;;;;;;;;;;;;;;;;;;51,42250710;6,60558010;;;;;;;;;;;;;;;;;;;;;;;;;;;;;;;;;110;4505028A4605105A;1,508;Ri1_ist_VonNK;1.770;171;2;2;;;;;;;;;;;;;;;;;Datenprobleme in 2022;
4806;5601;AK Neuss-Süd (N);5;NW;A;57;;8+1;Krefeld;AS Neuss-Norf;N;Köln;AK Kreuz Neuss-Süd;S;6;99,1;292;189;63;40;98.800;51.454;47.346;104.113;54.061;50.052;99.621;52.285;47.336;77.919;40.676;37.243;+6,5;+6,2;+2,6;+15,5;13.840;7.034;6.805;16.615;8.396;8.219;15.053;7.820;7.233;1.953;965;988;+3,3;+2,2;+6,4;+9,0;14,0;16,0;15,1;2,5;0,96;0,78;1,05;5.550;13,2;1.251;21,2;6.028;14,3;4.116;8,3;;;;;;;;;;;;;;;;;;D;D;A;B;B;D;8;18;C;;;C;;;D;7;18;C;;;C;;;D;14;;D;14;;C;14;;D;18;;85,1;9,0;0,3;0,9;3,2;10,7;8,7;0,1;0,0;83,2;9,5;0,2;0,8;3,7;12,2;10,0;0,1;0,0;83,9;9,2;0,4;1,0;3,4;11,6;9,5;0,1;0,0;96,5;6,0;0,6;1,0;0,9;1,5;1,3;0,1;0,0;342.126;5.670.546;106.165;55.125;51.039;18.575;9.413;9.161;87.607;46.309;41.298;4.838;2.627;2.211;;;;;;;;;;;;;;;;;106.871;55.394;51.476;18.729;9.433;9.296;17,5;17,0;18,1;51,16453490;6,74199151;4.430;3.952;8,6;8,3;14,0;13,8;9,8;9,9;8,0;7,7;56.556;52.513;0,79;0,78;0,98;0,98;1,05;1,05;0,85;0,84;5.143;219;645;21;3.762;67;272;14;984;50;215;2;30;4806070A4806082A;0,710;Ri1_ist_VonNK;301;3.145;3;3;29.369;4,18;0,32;3.090.402;28.343;4,16;0,32;2.966.944;43;1.626;5.366;4.473;39;1.582;5.184;4.135;;
4806;5061;AK Neuss-Süd (S);5;NW;A;57;;8+1;Krefeld;AK Kreuz Neuss-Süd (A46);N;Köln;AS Dormagen;S;4;99,7;;;;;;;;;;;;;;;;;;;;;;;;;;;;;;;;;;;;;;;;;;;;;;;;;;;;;;;;;;;;;;;;;;;;;;;;;;;;;;;;;;;;;;;;;;;;;;;;;;;;;;;;;;;;;;;;;;;;;;;;;;;;;;;;;;;;;;;;;;;;345.462;5.666.606;;;;;;;;;;;;;;;;;;;;;;;;;;;;;;;;;;;;;;51,13004717;6,79134822;;;;;;;;;;;;;;;;;;;;;;;;;;;;;;;;;20;4806082A4906037A;3,847;Ri1_ist_VonNK;1.285;6.236;2;2;;;;;;;;;;;;;;;;;Datenprobleme in 2022;
4302;5050;Hommersum;5;NW;A;57;;8+1;Nimwegen (NL);AS GÜG Goch-Autobahn;N;Krefeld;AS Kleve;S;4;10,0;299;182;63;54;15.210;7.923;7.286;15.351;8.005;7.346;17.058;8.922;8.136;12.381;6.374;6.007;+28,8;+24,4;+26,6;+59,4;3.209;1.663;1.546;3.905;2.017;1.888;3.423;1.803;1.620;339;164;175;+3,5;+2,7;+5,9;+11,1;21,1;25,4;20,1;2,7;1,11;0,79;1,17;852;21,2;198;19,9;941;22,7;585;14,3;;;;;;;;;;;;;;;;;;B;B;F;C;B;C;;;E;17;;C;;;E;17;;E;15;;E;17;;C;11;13;D;13;;B;13;;D;18;;77,1;9,2;0,4;1,6;1,4;19,5;17,5;0,1;0,2;73,0;9,4;0,3;1,4;1,7;23,6;21,2;0,1;0,2;77,9;9,0;0,4;1,8;1,4;18,6;16,6;0,1;0,2;94,9;8,1;0,7;2,1;0,4;2,2;1,9;0,2;0,2;296.364;5.728.883;16.108;8.361;7.747;4.399;2.275;2.124;14.173;7.619;6.554;806;453;352;;;;;;;;;;;;;;;;;15.628;8.112;7.516;4.464;2.299;2.164;28,6;28,3;28,8;51,67395783;6,05478025;1.096;901;13,8;12,4;6,8;16,0;6,5;13,8;13,5;12,0;7.721;7.324;0,76;0,82;1,01;1,01;1,21;1,13;0,91;0,85;724;16;197;4;499;6;78;2;158;3;37;0;160;4302015O4302016A;1,435;Ri1_ist_VonNK;3.378;504;2;2;7.698;4,63;0,34;964.285;7.122;4,61;0,34;889.429;11;106;1.547;1.382;9;113;1.425;1.277;;
4705;5088;Meerbusch-Bovert;5;NW;A;57;;8+1;Krefeld;AK Kreuz Meerbusch (A44);N;Köln;AS Bovert;S;6;71,5;269;169;65;35;83.297;41.715;41.582;88.722;44.334;44.388;84.006;42.320;41.686;62.135;31.172;30.963;+5,8;+5,9;+2,0;+12,1;9.654;4.831;4.823;11.726;5.853;5.873;10.341;5.235;5.106;1.054;509;545;-0,4;-1,0;+1,2;+4,8;11,6;13,2;12,3;1,7;0,95;0,73;1,04;4.693;11,0;1.027;16,6;5.141;12,1;3.348;5,9;;;;;;;;;;;;;;;;;;D;D;A;B;B;D;8;17;D;8;18;D;8;17;D;8;18;C;;;C;;;D;15;;D;15;;C;15;;D;18;;87,6;8,9;0,4;0,9;2,4;9,1;7,7;0,1;0,0;86,0;9,5;0,4;0,8;2,7;10,4;8,8;0,1;0,0;86,7;9,0;0,5;1,0;2,5;9,7;8,2;0,1;0,0;97,3;5,3;0,7;1,0;0,5;1,1;1,0;0,1;0,0;335.313;5.683.675;90.876;45.420;45.456;13.163;6.580;6.583;71.393;36.126;35.266;2.738;1.430;1.308;;;;;;;;;;;;;;;;;91.686;45.765;45.921;13.345;6.653;6.692;14,6;14,5;14,6;51,28057027;6,63860316;3.705;3.733;8,9;9,0;11,0;11,4;8,4;8,4;8,1;8,1;47.387;46.684;0,73;0,73;0,98;0,97;1,02;1,06;0,81;0,80;4.494;145;479;23;3.135;34;165;15;852;28;143;4;100;4705066A4705059A;1,240;Ri1_ist_VonNK;1.413;519;3;3;20.443;4,23;0,32;2.178.722;20.401;4,23;0,32;2.172.603;46;1.006;3.779;3.219;45;1.005;3.772;3.195;;
4806;5030;Neuss-Augustinusviertel;5;NW;A;57;;8+1;B1, Düsseldorf;AS Übergang B1;N;Krefeld, Köln;AS Neuss-Hafen;S;4;0,5;307;188;64;55;46.062;23.374;22.688;51.718;26.281;25.437;46.495;23.548;22.948;24.383;12.293;12.090;+1,8;+2,5;-2,0;+6,1;4.478;2.374;2.105;5.506;2.915;2.591;4.746;2.507;2.239;305;183;122;+0,1;-0,2;+1,0;+1,0;9,7;10,6;10,2;1,3;0,90;0,48;1,00;2.636;9,5;486;11,8;2.908;10,7;1.818;4,0;;;;;;;;;;;;;;;;;;E;E;A;A;A;A;8;;F;17;;A;8;;F;17;;B;8;;F;15;;D;13;;E;16;;D;18;;C;15;;89,4;8,3;0,5;0,3;2,9;6,8;5,5;0,1;0,5;88,5;8,4;0,5;0,3;3,1;7,5;6,0;0,1;0,5;88,9;8,4;0,7;0,4;2,9;7,2;5,8;0,1;0,6;97,9;7,3;0,8;0,3;0,7;0,4;0,3;0,1;0,6;340.025;5.672.623;53.084;26.944;26.140;6.198;3.273;2.926;37.463;19.072;18.391;1.039;585;453;;;;;;;;;;;;;;;;;54.059;27.452;26.607;6.309;3.334;2.975;11,7;12,1;11,2;51,18261013;6,71103917;3.060;2.833;13,1;12,5;7,5;4,8;4,9;3,5;11,1;10,6;28.558;27.600;0,48;0,48;0,97;0,98;1,00;0,99;0,70;0,69;2.582;98;213;15;1.735;21;52;11;426;13;45;3;50;4806088R4806088D;1,489;Ri1_ist_VonNK;158.169;160.010;2;2;9.397;3,96;0,31;1.051.591;8.507;4,04;0,31;977.730;17;727;1.629;1.219;19;594;1.492;1.294;;
4805;5052;Neuss-Büttgen;5;NW;A;57;;8+1;Krefeld;AS Neuss-Büttgen;N;Köln;AK Kreuz Neuss-West (A46);S;6;92,0;193;134;32;27;116.228;59.367;56.861;122.907;62.495;60.412;117.547;60.677;56.869;89.622;46.041;43.581;;;;;;;;;;;;;;;;;;;;;;;;;0,96;0,76;1,05;6.579;;1.370;;7.179;;4.780;;;;;;;;;;;;;;;;;;;D;D;A;B;B;D;8;17;D;8;18;D;8;17;D;8;17;C;;;C;;;D;15;;D;15;;C;14;;D;18;;;;;;;;;;;;;;;;;;;;;;;;;;;;;;;;;;;;;;336.547;5.673.419;125.375;63.803;61.573;;;;103.109;53.502;49.607;;;;;;;;;;;;;;;;;;;;126.157;64.008;62.150;;;;;;;51,18878185;6,66095980;5.082;4.799;8,6;8,4;;;;;7,9;7,7;65.101;63.397;0,77;0,76;0,97;0,97;1,05;1,04;0,85;0,83;;;;;;;;;;;;;80;4805068A4806047A;0,984;Ri1_ist_VonNK;317;2.192;3;3;;;;;;;;;;;;;;;;;Keine SV-Auswertung in 2022 / Fehlerhafte Fahrzeugartenanalyse in 2022;
4806;5014;Neuss-Erfttal-West;5;NW;A;57;;8+1;Krefeld;AS Neuss-Hafen;N;Köln;AS Neuss-Norf;S;6;95,9;299;192;69;38;113.560;58.531;55.028;121.012;62.230;58.782;114.365;59.340;55.025;84.701;43.699;41.002;+6,0;+5,7;+1,9;+15,2;16.169;8.335;7.833;19.382;9.944;9.439;17.461;9.158;8.303;2.546;1.298;1.248;+3,5;+2,6;+5,4;+12,6;14,2;16,0;15,3;3,0;0,95;0,73;1,04;6.401;13,5;1.393;20,9;6.979;14,7;4.668;8,4;;;;;;;;;;;;;;;;;;D;D;A;B;B;D;8;18;D;7;18;D;8;18;D;8;18;C;;;C;;;D;14;;D;15;;C;14;;D;18;;84,8;7,6;0,3;0,7;4,2;9,9;8,5;0,1;0,2;83,1;7,9;0,2;0,7;4,7;11,2;9,6;0,1;0,2;83,6;7,8;0,4;0,8;4,4;10,8;9,2;0,1;0,3;95,9;5,7;0,5;0,8;1,5;1,4;1,2;0,1;0,2;340.307;5.671.684;123.632;63.544;60.088;21.591;11.093;10.497;98.601;51.640;46.961;5.871;3.224;2.647;;;;;;;;;;;;;;;;;124.741;64.025;60.716;21.807;11.153;10.654;17,5;17,4;17,5;51,17426048;6,71549581;5.240;4.670;9,0;8,5;15,1;10,4;10,3;7,3;8,2;7,7;65.236;61.914;0,73;0,73;0,98;0,98;1,04;1,04;0,82;0,80;5.934;328;695;22;4.264;107;283;15;1.098;67;225;3;40;4806088A4806070A;0,706;Ri1_ist_VonNK;1.473;4.277;3;3;33.353;4;0,31;3.419.528;31.422;4,01;0,31;3.224.645;64;2.480;5.791;4.959;56;2.303;5.475;4.665;;
4806;5670;Neuss-Selikum;5;NW;A;57;;8+1;Krefeld;AS Neuss-Reuschenberg;N;Köln;AS Neuss-Hafen;S;6;94,1;297;192;69;36;122.247;62.544;59.702;130.348;66.467;63.881;123.843;63.830;60.013;89.976;46.280;43.696;+4,8;+4,5;+1,3;+13,8;16.574;8.417;8.157;19.910;10.057;9.853;17.831;9.232;8.599;2.540;1.273;1.267;+3,0;+2,4;+4,4;+11,3;13,6;15,3;14,4;2,8;0,95;0,72;1,04;6.898;12,9;1.484;19,7;7.527;14,0;5.011;7,8;;;;;;;;;;;;;;;;;;D;D;A;B;B;D;8;17;B;8;;D;8;17;B;8;;C;;;B;8;;D;14;;D;14;;C;14;;D;18;;85,4;8,1;0,3;0,7;4,1;9,4;7,8;0,1;0,3;83,7;8,4;0,3;0,7;4,5;10,7;8,9;0,1;0,3;84,5;8,4;0,4;0,8;4,2;10,1;8,4;0,1;0,3;96,1;6,2;0,6;0,8;1,4;1,3;1,1;0,1;0,3;339.339;5.671.955;133.091;67.878;65.213;22.154;11.217;10.937;107.549;55.775;51.774;5.995;3.228;2.767;;;;;;;;;;;;;;;;;134.114;68.276;65.838;22.403;11.284;11.119;16,7;16,5;16,9;51,17641680;6,70153778;5.662;5.501;9,1;9,2;9,5;12,2;6,9;8,0;8,3;8,4;69.355;67.123;0,73;0,72;0,98;0,98;1,04;1,04;0,83;0,82;6.444;342;715;26;4.603;109;281;18;1.189;67;225;4;60;4806043A4806088A;1,000;Ri1_ist_VonNK;1.366;3.229;3;3;33.672;4;0,31;3.449.522;32.520;3,99;0,31;3.309.578;63;2.508;5.847;4.983;53;2.455;5.648;4.594;;
4806;5602;Neuss-West;5;NW;A;57;;8+1;Krefeld;AK Kreuz Neuss-West (A46);N;Köln;AS Neuss-Reuschenberg;S;6;92,6;285;193;61;31;121.931;62.388;59.543;129.799;66.238;63.562;123.095;63.442;59.653;91.073;46.688;44.385;+5,3;+5,1;+1,5;+13,9;;;;;;;;;;;;;;;;;;;;;0,95;0,74;1,04;6.878;;1.486;;7.490;;5.042;;;;;;;;;;;;;;;;;;;D;D;A;B;B;D;8;17;D;7;18;D;8;17;D;7;18;C;;;C;;;D;15;;D;15;;C;14;;D;18;;;;;;;;;;;;;;;;;;;;;;;;;;;;;;;;;;;;;;337.670;5.672.259;132.326;67.564;64.762;;;;107.758;55.725;52.033;;;;;;;;;;;;;;;;;;;;133.408;68.013;65.395;;;;;;;51,17868307;6,67754288;5.478;5.140;8,8;8,6;;;;;8,1;7,9;68.962;66.627;0,74;0,73;0,98;0,98;1,04;1,05;0,83;0,83;;;;;;;;;;;;;70;4806047A4806043A;0,459;Ri1_ist_VonNK;3.216;330;3;3;;;;;;;;;;;;;;;;;Keine SV-Auswertung in 2022 / Fehlerhafte Fahrzeugartenanalyse in 2022;
4405;5019;Rheinberg;5;NW;A;57;;8+1;Nimwegen (NL);AS Alpen;N;Krefeld;AS Rheinberg;S;4;49,4;106;39;24;43;43.635;22.090;21.546;45.699;23.192;22.507;44.923;22.761;22.162;34.320;17.134;17.186;+9,1;+8,2;+6,4;+19,0;4.992;2.582;2.411;6.037;3.115;2.922;5.355;2.807;2.548;637;308;329;+4,0;+3,4;+5,3;+12,2;11,4;13,2;11,9;1,9;0,98;0,75;1,04;2.475;11,0;505;15,4;2.746;11,9;1.659;6,5;;;;;;;;;;;;;;;;;;E;E;C;B;B;E;17;;B;8;;E;17;;D;8;17;E;17;;B;8;;D;14;;D;14;;B;13;;D;18;;86,7;8,8;0,3;1,3;2,6;8,6;7,6;0,2;0,6;85,0;9,2;0,2;1,2;3,0;10,0;8,9;0,2;0,6;86,0;8,7;0,4;1,4;2,7;9,0;8,0;0,2;0,6;96,2;7,1;0,6;1,4;0,6;1,2;1,0;0,1;0,6;331.133;5.713.109;47.094;23.788;23.305;6.774;3.500;3.275;37.804;19.671;18.133;1.466;801;665;;;;;;;;;;;;;;;;;47.145;23.841;23.305;6.863;3.533;3.330;14,6;14,8;14,3;51,54377713;6,56470155;2.660;2.584;12,0;12,0;8,5;7,7;6,2;6,1;11,2;11,1;24.001;23.801;0,73;0,78;0,94;0,98;1,10;0,98;0,83;0,79;2.410;84;244;9;1.545;18;91;5;426;19;59;1;150;4404021A4405022A;5,774;Ri1_ist_VonNK;3.636;737;2;2;10.806;4,19;0,32;1.280.632;10.003;4,15;0,32;1.179.891;43;573;1.965;1.737;43;566;1.801;1.596;;
5208;5056;AD Bonn-Beuel (N);5;NW;A;59;;8+1;Köln;AD Dreieck Sankt Augustin-West (A560);N;Bonn;AD Dreieck Beuel (A565);S;6;26,0;264;167;61;36;109.869;55.437;54.432;117.308;59.139;58.169;109.582;55.301;54.280;82.422;41.768;40.654;+4,1;+4,8;-0,5;+9,0;8.116;4.145;3.971;9.729;4.967;4.761;8.588;4.369;4.219;1.501;794;706;-1,9;-1,7;-3,2;+3,0;7,4;8,3;7,8;1,8;0,93;0,69;0,98;6.228;6,7;1.278;14,1;6.796;7,2;4.524;4,2;;;;;;;;;;;;;;;;;;D;D;A;B;B;D;8;16;B;8;;D;8;16;B;8;;C;;;B;8;;D;15;;D;15;;D;18;;C;15;;91,5;8,1;0,4;0,8;2,8;4,4;3,5;0,2;0,4;90,6;8,5;0,3;0,7;3,1;5,0;4,0;0,2;0,4;91,0;8,6;0,5;0,8;3,0;4,7;3,7;0,2;0,4;97,1;5,6;0,7;0,8;1,0;0,7;0,6;0,2;0,3;369.013;5.625.811;119.628;60.279;59.349;10.695;5.455;5.240;94.773;48.006;46.767;3.378;1.728;1.651;;;;;;;;;;;;;;;;;121.016;60.980;60.037;10.862;5.546;5.316;9,0;9,1;8,9;50,76925747;7,14240602;5.186;5.320;9,4;9,8;6,1;7,0;3,4;3,4;8,5;8,9;62.919;61.601;0,70;0,68;0,95;0,96;0,98;0,98;0,78;0,76;6.275;222;271;28;4.317;65;125;17;1.094;46;134;3;40;5208016A5208017A;2,651;Ri1_ist_VonNK;2.614;3.387;3;3;15.521;3,74;0,3;1.527.600;14.796;3,73;0,3;1.451.141;105;1.562;2.478;1.973;100;1.526;2.345;1.879;;
5208;5633;AD Bonn-Beuel (S);5;NW;A;59;;8+1;Köln;AD Dreieck Bonn-Beuel (A565);N;Bonn;AS Beuel-Ost (B56);S;6;27,0;287;170;66;51;79.037;39.729;39.308;85.844;43.129;42.715;77.900;39.172;38.728;55.014;27.715;27.299;+3,8;+4,7;-0,5;+6,6;3.556;1.813;1.743;4.292;2.186;2.106;3.713;1.888;1.826;610;328;282;-3,5;-3,2;-5,8;+9,2;4,5;5,0;4,8;1,1;0,91;0,65;0,98;4.554;4,4;771;6,0;5.012;4,9;3.182;1,9;;;;;;;;;;;;;;;;;;D;D;A;A;A;D;8;17;B;8;;D;8;17;B;8;;D;8;16;B;8;;D;15;;D;14;;D;18;;C;15;;94,8;7,7;0,4;0,5;2,9;1,5;1,1;0,1;0,2;94,3;8,2;0,3;0,5;3,2;1,7;1,2;0,1;0,2;94,4;8,0;0,5;0,6;3,1;1,6;1,1;0,1;0,2;98,3;4,6;0,7;0,4;0,8;0,2;0,1;0,1;0,2;368.684;5.624.891;87.781;44.102;43.679;4.711;2.400;2.310;64.847;32.628;32.218;1.416;712;704;;;;;;;;;;;;;;;;;89.300;44.843;44.457;4.807;2.450;2.357;5,4;5,5;5,3;50,76091709;7,13807213;4.181;4.427;10,5;11,3;3,6;4,7;1,0;1,5;9,3;10,0;47.171;46.191;0,65;0,65;0,97;0,95;1,00;0,96;0,73;0,74;4.743;170;76;23;3.111;36;23;13;722;24;22;2;30;5208017A5208026A;0,496;Ri1_ist_VonNK;4.630;3.931;3;3;5.511;3,04;0,25;444.019;5.310;3,05;0,25;429.207;52;1.161;600;418;48;1.114;581;418;;
5208;5057;AD St. Augustin (N);5;NW;A;59;;8+1;Köln;AS Troisdorf;N;Bonn;AD Dreieck Sankt Augustin-West (A560);S;5;23,3;;;;;;;;;;;;;;;;;;;;;;;;;;;;;;;;;;;;;;;;;;;;;;;;;;;;;;;;;;;;;;;;;;;;;;;;;;;;;;;;;;;;;;;;;;;;;;;;;;;;;;;;;;;;;;;;;;;;;;;;;;;;;;;;;;;;;;;;;;;;369.069;5.629.182;;;;;;;;;;;;;;;;;;;;;;;;;;;;;;;;;;;;;;50,79956479;7,14200442;;;;;;;;;;;;;;;;;;;;;;;;;;;;;;;;;60;5108044A5208016A;1,041;Ri1_ist_VonNK;4.709;1.668;2;3;;;;;;;;;;;;;;;;;Datenprobleme in 2022;
5208;5628;AD St.Augustin (S);5;NW;A;59;;8+1;Köln;AD Dreieck Sankt Augustin-West (A560);N;Bonn;AD Dreieck Beuel (A565);S;6;23,5;;;;;;;;;;;;;;;;;;;;;;;;;;;;;;;;;;;;;;;;;;;;;;;;;;;;;;;;;;;;;;;;;;;;;;;;;;;;;;;;;;;;;;;;;;;;;;;;;;;;;;;;;;;;;;;;;;;;;;;;;;;;;;;;;;;;;;;;;;;;369.638;5.627.757;;;;;;;;;;;;;;;;;;;;;;;;;;;;;;;;;;;;;;50,78688472;7,15057471;;;;;;;;;;;;;;;;;;;;;;;;;;;;;;;;;50;5208016A5208017A;0,479;Ri1_ist_VonNK;2.614;3.387;3;3;;;;;;;;;;;;;;;;;Datenprobleme in 2022;
5208;5625;AK Bonn Ost (N);5;NW;A;59;;8+1;Köln;AS Pützchen (L83);N;Bonn;AK Kreuz Bonn-Ost (A562);S;4;31,3;;;;;;;;;;;;;;;;;;;;;;;;;;;;;;;;;;;;;;;;;;;;;;;;;;;;;;;;;;;;;;;;;;;;;;;;;;;;;;;;;;;;;;;;;;;;;;;;;;;;;;;;;;;;;;;;;;;;;;;;;;;;;;;;;;;;;;;;;;;;369.933;5.621.256;;;;;;;;;;;;;;;;;;;;;;;;;;;;;;;;;;;;;;50,72852753;7,15706699;;;;;;;;;;;;;;;;;;;;;;;;;;;;;;;;;20;5208074A5208073A;2,209;Ri1_ist_VonNK;2.939;3.393;2;2;;;;;;;;;;;;;;;;;Datenprobleme in 2022;
5008;5674;AK Heumar (Flughfn.);5;NW;A;59;;8+1;Köln;AD Dreieck Heumar (A3/A4);N;Bonn;AS Rath;S;4;6,5;;;;;;;;;;;;;;;;;;;;;;;;;;;;;;;;;;;;;;;;;;;;;;;;;;;;;;;;;;;;;;;;;;;;;;;;;;;;;;;;;;;;;;;;;;;;;;;;;;;;;;;;;;;;;;;;;;;;;;;;;;;;;;;;;;;;;;;;;;;;363.991;5.642.081;;;;;;;;;;;;;;;;;;;;;;;;;;;;;;;;;;;;;;50,91433100;7,06519197;;;;;;;;;;;;;;;;;;;;;;;;;;;;;;;;;80;5008040E5008078Z;0,195;Ri1_ist_VonNK;1.321;3.324;2;2;;;;;;;;;;;;;;;;;Datenprobleme in 2022;
4606;5062;Duisburg Süd;5;NW;A;59;;8+1;Duisburg;AS Duisburg-Großenbaum;N;Düsseldorf;AK Kreuz Duisburg-Süd (A524/B288);S;4;23,9;180;87;40;53;44.949;23.160;21.790;50.533;26.030;24.503;43.972;22.660;21.312;25.297;13.055;12.243;+9,4;+10,6;+3,4;+14,8;2.564;1.281;1.283;3.157;1.578;1.579;2.656;1.326;1.330;230;112;118;+1,0;+1,6;-1,7;+11,3;5,7;6,2;6,0;0,9;0,87;0,52;1,00;2.538;5,6;543;6,8;2.801;6,3;1.750;2,3;;;;;;;;;;;;;;;;;;E;E;C;A;A;E;17;;B;8;;E;17;;B;8;;F;16;;D;8;17;D;15;;D;14;;C;15;;C;14;;93,9;7,6;0,5;0,4;1,6;3,8;3,2;0,2;0,0;93,3;8,0;0,4;0,4;1,8;4,3;3,6;0,2;0,0;93,5;7,8;0,6;0,5;1,7;4,1;3,4;0,2;0,0;98,8;3,9;0,9;0,3;0,3;0,3;0,3;0,3;0,0;344.263;5.692.041;52.122;26.836;25.286;3.528;1.761;1.767;33.243;17.195;16.048;629;323;306;;;;;;;;;;;;;;;;;53.446;27.524;25.922;3.612;1.804;1.809;6,8;6,6;7,0;51,35825755;6,76316439;3.181;2.853;13,7;13,1;4,0;4,4;3,0;3,1;11,6;11,0;28.520;26.273;0,52;0,52;0,96;0,97;1,01;0,99;0,64;0,65;2.611;58;118;15;1.700;13;28;9;503;11;26;2;110;4606072A4606092O;1,564;Ri1_ist_VonNK;3.968;3.850;2;2;5.055;3,95;0,32;582.733;5.096;3,97;0,32;590.636;49;374;857;727;52;360;871;734;;
4807;5090;Düsseldorf-Urdenbach;5;NW;A;59;;8+1;Düsseldorf;AS Düsseldorf-Garath;N;Leverkusen;AS Richrath (L353);S;4;7,1;265;169;49;47;47.965;23.522;24.443;53.429;26.261;27.168;47.246;23.091;24.155;28.439;13.820;14.619;-5,7;-3,6;-12,6;-4,2;3.174;1.555;1.619;3.894;1.915;1.979;3.309;1.606;1.704;316;150;165;-8,9;-7,5;-14,2;-4,3;6,6;7,3;7,0;1,1;0,88;0,56;0,97;2.745;6,4;505;8,8;3.025;7,1;1.906;3,0;;;;;;;;;;;;;;;;;;E;E;A;A;A;B;8;;E;17;;B;8;;E;17;;B;8;;D;8;16;D;15;;G;15;;D;18;;C;15;;92,9;8,7;0,6;0,5;2,4;4,0;3,3;0,2;0,0;92,2;9,3;0,5;0,5;2,6;4,4;3,6;0,2;0,0;92,5;8,9;0,8;0,5;2,5;4,2;3,5;0,2;0,0;98,3;4,5;1,0;0,6;0,4;0,5;0,4;0,2;0,0;353.690;5.666.726;55.102;27.041;28.061;4.355;2.135;2.220;36.287;17.851;18.436;805;394;411;;;;;;;;;;;;;;;;;56.316;27.670;28.646;4.451;2.189;2.263;7,9;7,9;7,9;51,13328009;6,90881385;2.853;2.824;12,1;11,6;6,5;4,0;4,1;2,4;10,3;9,9;28.949;29.697;0,58;0,54;0,93;0,95;0,97;0,98;0,67;0,65;2.791;87;129;19;1.836;22;35;13;458;15;29;3;100;4807067A4807057A;2,498;Ri1_ist_VonNK;3.561;1.617;2;2;5.900;3,79;0,3;656.625;6.067;3,75;0,3;670.768;50;551;955;784;57;598;964;795;;
5108;5089;Flughafen Köln/Bonn;5;NW;A;59;;8+1;Köln;AD Köln Porz (A559);N;Bonn;AS Flughafen Köln/Bonn;S;5;10,3;;;;;;;;;;;;;;;;;;;;;;;;;;;;;;;;;;;;;;;;;;;;;;;;;;;;;;;;;;;;;;;;;;;;;;;;;;;;;;;;;;;;;;;;;;;;;;;;;;;;;;;;;;;;;;;;;;;;;;;;;;;;;;;;;;;;;;;;;;;;365.704;5.639.684;;;;;;;;;;;;;;;;;;;;;;;;;;;;;;;;;;;;;;50,89318840;7,09043165;;;;;;;;;;;;;;;;;;;;;;;;;;;;;;;;;70;5008070O5108005O;1,850;Ri1_ist_VonNK;4.314;1.796;3;2;;;;;;;;;;;;;;;;;Datenprobleme in 2022;
4907;5007;Langenfeld;5;NW;A;59;;8+1;Düsseldorf;AS Rheindorf;N;Leverkusen;AK Kreuz Leverkusen-West (A1);S;4;17,1;;;;;;;;;;;;;;;;;;;;;;;;;;;;;;;;;;;;;;;;;;;;;;;;;;;;;;;;;;;;;;;;;;;;;;;;;;;;;;;;;;;;;;;;;;;;;;;;;;;;;;;;;;;;;;;;;;;;;;;;;;;;;;;;;;;;;;;;;;;;355.513;5.657.454;;;;;;;;;;;;;;;;;;;;;;;;;;;;;;;;;;;;;;51,05042543;6,93856666;;;;;;;;;;;;;;;;;;;;;;;;;;;;;;;;;90;4907070A4907071A;0,860;Ri1_ist_VonNK;1.662;3.284;2;2;;;;;;;;;;;;;;;;;Datenprobleme in 2022;
4406;5069;Walsum;5;NW;A;59;;8+1;Dinslaken;AS Dinslaken-West (B8);N;Duisburg,Düsseldorf;AS Dinslaken-Hiesfeld;S;4;1,8;;;;;;;;;;;;;;;;;;;;;;;;;;;;;;;;;;;;;;;;;;;;;;;;;;;;;;;;;;;;;;;;;;;;;;;;;;;;;;;;;;;;;;;;;;;;;;;;;;;;;;;;;;;;;;;;;;;;;;;;;;;;;;;;;;;;;;;;;;;;343.230;5.712.787;;;;;;;;;;;;;;;;;;;;;;;;;;;;;;;;;;;;;;51,54437156;6,73915320;;;;;;;;;;;;;;;;;;;;;;;;;;;;;;;;;120;4406074A4406071A;0,527;Ri1_ist_VonNK;4.732;1.846;2;2;;;;;;;;;;;;;;;;;Datenprobleme in 2022;
5106;5059;AK Kerpen (N);5;NW;A;61;;8+1;Mönchengladbach;AS Bergheim-Süd;N;Koblenz;AK Kreuz Kerpen (A4);S;4;66,6;;;;;;;;;;;;;;;;;;;;;;;;;;;;;;;;;;;;;;;;;;;;;;;;;;;;;;;;;;;;;;;;;;;;;;;;;;;;;;;;;;;;;;;;;;;;;;;;;;;;;;;;;;;;;;;;;;;;;;;;;;;;;;;;;;;;;;;;;;;;337.735;5.641.103;;;;;;;;;;;;;;;;;;;;;;;;;;;;;;;;;;;;;;50,89875899;6,69241508;;;;;;;;;;;;;;;;;;;;;;;;;;;;;;;;;390;5005076A5106058A;5,409;Ri1_ist_VonNK;2.642;4.622;2;2;;;;;;;;;;;;;;;;;Datenprobleme in 2022;
5106;5621;AK Kerpen (S);5;NW;A;61;;8+1;Mönchengladbach;AK Kreuz Kerpen (A4);N;Koblenz;AS Türnich;S;4;68,6;;;;;;;;;;;;;;;;;;;;;;;;;;;;;;;;;;;;;;;;;;;;;;;;;;;;;;;;;;;;;;;;;;;;;;;;;;;;;;;;;;;;;;;;;;;;;;;;;;;;;;;;;;;;;;;;;;;;;;;;;;;;;;;;;;;;;;;;;;;;338.155;5.640.179;;;;;;;;;;;;;;;;;;;;;;;;;;;;;;;;;;;;;;50,89056985;6,69879239;;;;;;;;;;;;;;;;;;;;;;;;;;;;;;;;;380;5106058A5106012A;0,488;Ri1_ist_VonNK;2.739;2.643;2;2;;;;;;;;;;;;;;;;;Datenprobleme in 2022;
4804;5042;MG-Wickrath;5;NW;A;61;;8+1;Mönchengladbach;AS Mönchengladbach-Wickrath;N;Koblenz;AS Mönchengladbach-Güdderath;S;4;31,8;184;128;34;22;58.016;28.751;29.265;62.590;31.171;31.420;59.623;29.455;30.168;38.918;18.829;20.089;+1,6;+0,7;-0,5;+11,6;9.129;4.291;4.838;11.115;5.266;5.849;9.396;4.329;5.067;1.375;600;775;-6,8;-6,5;-6,6;-16,2;15,7;17,8;15,8;3,5;0,95;0,62;1,05;3.275;14,8;701;24,7;3.651;15,3;2.149;12,2;;;;;;;;;;;;;;;;;;D;D;A;A;A;D;8;17;D;8;17;D;8;17;D;8;17;D;8;17;D;8;15;D;15;;D;14;;C;15;;C;15;;83,0;9,2;0,5;1,2;3,0;12,6;10,8;0,1;0,0;81,1;9,7;0,4;1,1;3,4;14,3;12,2;0,1;0,0;82,8;9,3;0,5;1,5;3,0;12,6;10,8;0,1;0,0;94,9;5,8;1,3;1,6;0,7;2,7;2,4;0,1;0,0;319.818;5.667.973;64.878;32.199;32.679;12.176;5.712;6.464;47.166;23.680;23.486;3.460;1.736;1.724;;;;;;;;;;;;;;;;;65.393;32.536;32.857;12.484;5.896;6.588;19,1;18,1;20,1;51,13483601;6,42454332;3.089;2.905;10,7;9,9;12,8;12,2;10,0;9,7;9,5;8,8;33.004;32.361;0,62;0,63;0,97;1,01;1,06;1,05;0,74;0,72;3.074;124;434;20;1.875;29;234;10;526;26;148;2;400;4804111A4804120A;0,587;Ri1_ist_VonNK;1.929;3.781;2;2;18.245;4,25;0,32;2.163.788;20.861;4,31;0,33;2.496.900;31;869;3.391;2.891;33;872;3.933;3.370;;
5307;5080;Miel;5;NW;A;61;;8+1;Mönchengladbach;AS Rheinbach;N;Koblenz;AS Miel;S;4;167,1;268;187;50;31;45.133;21.455;23.678;45.331;21.466;23.866;46.431;21.677;24.754;42.774;21.141;21.634;+113,2;+90,7;+205,6;+126,3;11.497;5.371;6.127;13.911;6.530;7.381;11.872;5.467;6.406;2.009;918;1.090;+77,8;+64,3;+161,2;+44,2;25,5;30,7;25,6;4,7;1,02;0,97;1,18;2.530;23,1;581;46,1;2.774;23,5;1.798;21,4;;;;;;;;;;;;;;;;;;C;D;D;D;D;E;17;;C;;;D;8;17;C;;;E;15;;E;15;;E;17;;F;12;;C;17;;B;12;;70,7;9,1;0,4;1,8;3,3;21,9;18,5;0,2;2,1;65,8;9,5;0,3;1,6;3,8;26,7;22,6;0,2;2,0;70,2;9,1;0,5;2,1;3,4;22,0;18,6;0,2;2,1;90,5;7,5;0,9;2,3;1,6;2,9;2,5;0,2;2,5;353.489;5.613.464;46.330;21.719;24.611;15.086;6.986;8.100;42.099;20.546;21.552;5.238;2.764;2.473;;;;;;;;;;;;;;;;;46.090;21.703;24.386;15.450;7.191;8.259;33,5;33,1;33,9;50,65458106;6,92730881;2.279;2.319;10,6;9,8;3,8;8,1;1,2;6,2;10,5;9,5;22.088;24.153;1,03;0,92;0,97;1,00;1,19;1,16;0,94;0,90;2.109;102;549;14;1.408;48;336;6;313;23;245;1;360;5307003A5307024A;2,154;Ri1_ist_VonNK;1.486;3.355;2;2;23.727;4,42;0,33;2.881.505;27.273;4,45;0,33;3.328.047;46;736;4.588;3.856;48;771;5.309;4.505;;
4603;5076;Schwanenhaus;5;NW;A;61;;8+1;Venlo (NL);GüG NL;N;Mönchengladbach;AS Nettetal-West;S;4;1,0;285;187;60;38;30.222;14.671;15.551;31.016;15.181;15.835;33.375;15.951;17.424;23.329;11.173;12.157;+22,8;+18,2;+21,7;+55,6;7.504;3.481;4.023;9.039;4.230;4.809;7.830;3.577;4.253;1.363;565;798;-5,2;-5,5;-4,3;-5,6;24,8;29,1;23,5;5,8;1,08;0,73;1,15;1.686;23,9;406;32,4;1.840;24,5;1.223;21,5;;;;;;;;;;;;;;;;;;C;C;E;C;B;C;;;E;16;;C;;;E;17;;E;16;;E;16;;D;13;;D;13;;C;13;;D;18;;73,8;6,9;0,4;1,4;2,9;21,8;19,4;0,2;0,0;69,7;7,0;0,3;1,1;3,3;25,7;23,0;0,1;0,0;74,9;6,8;0,5;1,7;2,8;20,5;18,3;0,1;0,0;92,1;7,2;1,0;2,1;1,4;4,2;3,7;0,2;0,0;303.550;5.690.551;32.442;15.707;16.735;9.937;4.601;5.335;27.553;13.758;13.795;2.922;1.475;1.447;;;;;;;;;;;;;;;;;31.773;15.482;16.291;10.135;4.719;5.416;31,9;30,5;33,2;51,33226346;6,17991219;1.704;1.680;11,6;10,8;18,0;16,0;15,6;13,5;11,0;10,3;16.021;16.177;0,72;0,74;0,96;1,03;1,19;1,11;0,90;0,80;1.380;59;392;10;957;31;231;4;274;12;119;0;410;4603144O4603145O;0,727;Ri1_ist_VonNK;6.885;6.886;2;2;15.595;4,48;0,34;1.915.545;18.081;4,49;0,34;2.226.265;21;418;3.042;2.706;25;463;3.536;3.165;;
4413;5137;Werl-West;5;NW;A;445;;8+1;Hamm;AS Werl-Nord (B63);N;Arnsberg;AS Werl-Zentrum (B1);S;4;1,7;238;143;55;40;18.945;8.936;10.008;20.533;9.538;10.996;18.916;8.919;9.997;13.041;6.710;6.331;+11,9;+11,5;+8,7;+20,9;3.993;1.800;2.193;4.945;2.214;2.731;4.116;1.899;2.216;278;129;150;+9,2;+8,9;+10,1;+16,3;21,1;24,1;21,8;2,1;0,92;0,70;1,06;1.066;20,2;237;29,4;1.207;21,7;643;11,2;;;;;;;;;;;;;;;;;;C;D;A;B;A;B;8;;D;8;17;D;8;17;D;8;17;D;8;14;E;15;;C;11;15;D;15;;D;18;;C;14;;77,4;8,5;0,6;1,5;3,7;17,2;14,4;0,2;0,0;74,5;8,9;0,4;1,5;4,1;19,7;16,5;0,3;0,0;76,6;8,7;0,6;1,7;3,8;17,8;14,8;0,2;0,0;96,2;5,9;1,3;1,6;0,6;1,5;1,2;0,1;0,0;423.023;5.712.596;21.329;9.890;11.439;5.520;2.477;3.042;14.313;6.928;7.386;949;477;472;;;;;;;;;;;;;;;;;21.619;9.990;11.629;5.668;2.527;3.140;26,2;25,3;27,0;51,55918819;7,88957027;919;1.099;10,3;11,0;20,5;15,5;16,3;13,1;9,2;9,5;10.260;11.790;0,76;0,65;0,94;0,97;1,03;1,08;0,71;0,66;937;51;211;7;567;11;61;4;166;10;60;1;20;4413003A4413030Z;1,262;Ri1_ist_NachNK;3.348;450;2;2;7.728;4,29;0,33;921.904;9.515;4,34;0,33;1.144.229;19;327;1.454;1.201;22;365;1.806;1.525;;
4413;5167;Wickede;5;NW;A;445;;8+1;Hamm;AK Kreuz Werl (A44);N;Arnsberg;AS Wickede (Ruhr);S;4;5,3;323;201;67;55;36.783;18.222;18.561;38.588;18.868;19.720;36.696;17.960;18.736;30.144;16.135;14.009;+8,3;+9,4;+0,4;+16,4;5.375;2.682;2.693;6.675;3.327;3.348;5.420;2.706;2.714;461;241;220;+1,4;+2,3;-3,0;+19,5;14,6;17,3;14,8;1,5;0,95;0,78;1,12;2.107;13,8;383;23,5;2.379;15,3;1.291;5,7;;;;;;;;;;;;;;;;;;C;D;A;B;B;B;8;;D;8;17;D;8;17;D;8;17;D;8;14;E;16;;C;11;14;D;15;;E;12;;C;14;;82,4;8,0;0,9;1,3;3,7;10,7;8,7;0,2;1,7;79,7;8,3;0,7;1,3;4,2;12,9;10,5;0,2;1,7;82,1;7,9;0,9;1,5;3,8;10,8;8,7;0,2;1,7;95,6;6,3;1,5;1,4;0,9;0,5;0,3;0,1;1,4;423.365;5.708.954;39.278;19.218;20.061;7.440;3.709;3.731;32.475;15.844;16.631;1.135;567;568;;;;;;;;;;;;;;;;;39.616;19.369;20.247;7.678;3.827;3.851;19,4;19,8;19,0;51,52649316;7,89528875;1.806;1.887;9,9;10,2;13,6;9,7;10,1;6,7;9,3;9,3;19.354;19.756;0,86;0,70;0,99;1,00;1,08;1,16;0,83;0,85;1.995;100;263;21;1.205;21;53;12;291;17;73;2;10;4413039O4413002O;0,800;Ri1_ist_NachNK;1.416;3.459;2;2;11.110;4,14;0,32;1.295.213;10.932;4,06;0,32;1.258.476;32;636;2.014;1.642;40;716;1.937;1.559;;
4509;5168;Bochum (W);5;NW;A;448;;8+1;AK Dortmund/Witten;AS Bochum-Eppendorf;O;AD Bochum-West;AS Bochum-Stahlhausen;W;4;1,9;;;;;;;;;;;;;;;;;;;;;;;;;;;;;;;;;;;;;;;;;;;;;;;;;;;;;;;;;;;;;;;;;;;;;;;;;;;;;;;;;;;;;;;;;;;;;;;;;;;;;;;;;;;;;;;;;;;;;;;;;;;;;;;;;;;;;;;;;;;;374.669;5.703.434;;;;;;;;;;;;;;;;;;;;;;;;;;;;;;;;;;;;;;51,46817183;7,19559209;;;;;;;;;;;;;;;;;;;;;;;;;;;;;;;;;20;4509178O4509071O;0,500;Ri1_ist_NachNK;9.473;9.474;2;2;;;;;;;;;;;;;;;;;Datenprobleme in 2022;
4607;5039;Ratingen;5;NW;A;524;;8+1;AD Breitscheid (A52);AD Dreieck Breitscheid (A52);O;Krefeld;AS Lintorf;W;4;13,5;;;;;;;;;;;;;;;;;;;;;;;;;;;;;;;;;;;;;;;;;;;;;;;;;;;;;;;;;;;;;;;;;;;;;;;;;;;;;;;;;;;;;;;;;;;;;;;;;;;;;;;;;;;;;;;;;;;;;;;;;;;;;;;;;;;;;;;;;;;;349.043;5.690.911;;;;;;;;;;;;;;;;;;;;;;;;;;;;;;;;;;;;;;51,34939908;6,83224695;;;;;;;;;;;;;;;;;;;;;;;;;;;;;;;;;10;4606058A4607055A;0,769;Ri1_ist_NachNK;669;2.154;2;2;;;;;;;;;;;;;;;;;Datenprobleme in 2022;
4608;5249;Velbert Nord;5;NW;A;535;;8+1;Essen;AD Velbert-Nord (A44);N;Wuppertal;AS Velbert;S;4;14,4;141;100;17;24;30.938;15.117;15.821;34.449;16.796;17.654;30.393;14.859;15.535;18.495;9.165;9.330;+1,0;+1,5;-3,1;+6,6;1.297;638;660;1.590;782;809;1.346;661;685;141;70;71;-5,9;-5,3;-8,3;+0,5;4,2;4,6;4,4;0,8;0,88;0,55;1,00;1.780;4,2;308;4,6;1.979;4,7;1.181;1,5;;;;;;;;;;;;;;;;;;E;E;A;A;A;E;17;;B;8;;E;17;;B;8;;D;8;15;B;8;;G;15;;D;15;;C;15;;D;18;;94,7;8,7;0,9;0,6;2,6;1,5;1,3;0,0;0,5;94,3;9,0;0,8;0,6;2,8;1,7;1,4;0,1;0,5;94,4;9,1;1,0;0,6;2,8;1,6;1,3;0,0;0,5;98,3;5,9;2,0;0,4;0,5;0,2;0,2;0,0;0,5;363.989;5.690.229;35.187;17.149;18.038;1.765;867;898;24.945;12.251;12.694;386;191;195;;;;;;;;;;;;;;;;;36.002;17.533;18.468;1.806;887;919;5,0;5,1;5,0;51,34704330;7,04699541;1.752;1.943;11,6;12,3;2,1;3,7;0,9;1,3;10,0;10,5;18.296;19.432;0,57;0,54;0,94;0,94;1,01;0,99;0,73;0,71;1.867;59;34;19;1.152;10;7;12;292;8;6;2;20;4608119S4608108O;0,481;Ri1_ist_VonNK;6.158;6.157;2;2;2.022;3,17;0,25;187.241;2.056;3,12;0,25;187.644;6;390;242;201;10;413;237;190;;
4708;5248;W-Saurenhaus;5;NW;A;535;;8+1;Velbert;AS Wülfrath;N;Wuppertal;AS Wuppertal-Dornap;S;4;4,1;318;192;69;57;35.282;17.635;17.646;39.142;19.488;19.653;34.227;17.162;17.065;22.168;11.300;10.867;+2,3;+2,9;-2,4;+8,7;2.287;1.115;1.172;2.815;1.369;1.446;2.366;1.164;1.202;215;105;110;-3,8;-3,6;-4,8;+0,9;6,5;7,2;6,9;1,0;0,87;0,59;1,00;2.013;6,5;385;6,6;2.243;7,3;1.322;2,0;;;;;;;;;;;;;;;;;;D;E;A;A;A;D;8;17;B;8;;E;17;;B;8;;D;8;15;B;8;;D;15;;D;15;;C;15;;D;18;;92,8;9,4;0,6;0,6;3,7;2,7;2,2;0,1;0,1;92,1;9,8;0,4;0,6;4,0;3,0;2,5;0,1;0,1;92,3;9,9;0,7;0,7;3,9;2,9;2,4;0,1;0,1;98,4;6,3;1,6;0,6;0,6;0,3;0,3;0,1;0,1;366.336;5.680.730;40.052;19.931;20.121;3.144;1.532;1.612;27.546;13.942;13.604;565;280;285;;;;;;;;;;;;;;;;;41.056;20.398;20.659;3.220;1.565;1.655;7,8;7,7;8,0;51,26222822;7,08424088;1.897;2.132;10,8;12,1;3,1;6,5;1,6;2,1;9,3;10,3;21.093;21.456;0,61;0,57;0,96;0,96;1,01;0,99;0,72;0,69;2.065;97;68;13;1.288;14;12;9;358;13;12;1;10;4608106O4708093O;4,462;Ri1_ist_VonNK;6.148;6.147;2;2;3.759;3,37;0,27;372.884;3.735;3,19;0,26;349.628;17;590;508;416;17;703;452;367;;
5103;5653;AK Aachen (SW);5;NW;A;544;;8+1;Kreuz Aachen (A4);AK Kreuz Aachen (A4);O;Aachen;AS Würselen;W;6;1,0;;;;;;;;;;;;;;;;;;;;;;;;;;;;;;;;;;;;;;;;;;;;;;;;;;;;;;;;;;;;;;;;;;;;;;;;;;;;;;;;;;;;;;;;;;;;;;;;;;;;;;;;;;;;;;;;;;;;;;;;;;;;;;;;;;;;;;;;;;;;299.421;5.631.610;;;;;;;;;;;;;;;;;;;;;;;;;;;;;;;;;;;;;;50,80146738;6,15340382;;;;;;;;;;;;;;;;;;;;;;;;;;;;;;;;;10;5103027A5102001A;1,300;Ri1_ist_VonNK;2.970;2.257;3;3;;;;;;;;;;;;;;;;;Datenprobleme in 2022;
5207;5029;Bliesheim;5;NW;A;553;;8+1;Brühl;AS Brühl-Süd;N;AK Bliesheim (A1/61);AK Kreuz Bliesheim (A1/A61);S;4;1,3;299;199;58;42;31.549;16.482;15.067;34.193;17.824;16.369;31.102;15.972;15.131;22.222;12.101;10.121;-4,7;-0,7;-16,1;-4,4;3.853;2.137;1.716;4.661;2.579;2.082;3.960;2.153;1.807;697;462;235;-13,5;-11,9;-18,5;-16,0;12,2;13,6;12,7;3,1;0,91;0,65;1,01;1.796;11,4;352;20,5;1.990;12,3;1.212;7,2;;;;;;;;;;;;;;;;;;C;E;A;A;A;B;8;;F;17;;B;8;;F;17;;B;8;;E;16;;C;10;15;D;14;;G;18;;B;14;;85,7;9,8;0,2;0,9;3,4;8,6;7,3;0,1;1,2;84,2;10,0;0,1;0,9;3,8;9,7;8,2;0,1;1,3;85,0;10,0;0,2;0,9;3,5;9,1;7,7;0,1;1,3;95,1;8,2;0,3;0,8;1,2;1,8;1,7;0,1;1,0;347.355;5.627.583;34.905;18.139;16.766;5.061;2.789;2.272;26.227;13.592;12.635;1.699;939;760;;;;;;;;;;;;;;;;;35.497;18.490;17.007;5.184;2.866;2.317;14,6;15,5;13,6;50,77988624;6,83475479;1.938;1.863;11,8;12,4;9,7;7,1;6,1;4,4;10,5;11,0;19.530;17.623;0,68;0,62;0,95;0,97;0,99;1,04;0,73;0,75;1.743;79;164;3;1.123;21;66;2;280;12;61;0;10;5207030A5206045W;3,137;Ri1_ist_VonNK;1.332;4.519;2;2;8.596;4,02;0,31;983.094;6.942;4,05;0,32;799.556;22;611;1.504;1.259;20;476;1.220;1.046;;
5107;5036;Godorf;5;NW;A;555;;8+1;Köln;AS Godorf;N;Bonn;AS Wesseling;S;6;6,0;282;177;63;42;68.142;33.944;34.199;73.776;36.795;36.981;66.212;32.931;33.281;49.489;24.549;24.940;-4,2;-0,9;-14,0;-3,5;4.479;2.238;2.242;5.447;2.717;2.729;4.571;2.288;2.283;749;381;368;-25,7;-21,7;-37,9;-17,3;6,6;7,4;6,9;1,5;0,90;0,73;1,07;3.882;6,2;753;10,9;4.225;6,8;2.855;3,1;;;;;;;;;;;;;;;;;;D;D;A;B;B;B;8;;D;8;17;B;8;;D;8;18;B;8;;C;;;D;15;;D;15;;D;18;;C;15;;92,8;8,8;0,6;0,6;2,1;4,3;3,4;0,1;0,0;92,0;9,5;0,5;0,6;2,4;4,8;3,8;0,1;0,0;92,4;9,1;0,7;0,7;2,3;4,5;3,5;0,1;0,0;97,9;4,5;0,8;0,6;0,4;1,0;1,0;0,1;0,0;356.814;5.633.837;74.281;36.926;37.355;5.980;2.976;3.004;60.277;30.514;29.763;1.583;839;744;;;;;;;;;;;;;;;;;75.756;37.663;38.093;6.132;3.049;3.083;8,1;8,1;8,1;50,83850680;6,96639748;3.365;3.218;9,9;9,4;5,9;3,9;3,6;3,0;8,9;8,4;38.620;38.813;0,71;0,74;0,99;0,96;1,06;1,07;0,83;0,83;3.911;107;181;25;2.749;19;70;17;667;23;59;4;10;5107039A5107063A;1,012;Ri1_ist_VonNK;3.769;902;3;3;8.735;3,9;0,31;882.880;8.686;3,87;0,31;872.840;43;719;1.476;1.180;45;742;1.455;1.149;;
5008;5086;Gremberghoven;5;NW;A;559;;8+1;AK Köln-Gremberg;AK Kreuz Köln-Gremberg (A4);N;AK K-Gremberghoven;AS Köln-Gremberghoven;S;4;7,0;;;;;;;;;;;;;;;;;;;;;;;;;;;;;;;;;;;;;;;;;;;;;;;;;;;;;;;;;;;;;;;;;;;;;;;;;;;;;;;;;;;;;;;;;;;;;;;;;;;;;;;;;;;;;;;;;;;;;;;;;;;;;;;;;;;;;;;;;;;;362.458;5.641.496;;;;;;;;;;;;;;;;;;;;;;;;;;;;;;;;;;;;;;50,90870958;7,04361518;;;;;;;;;;;;;;;;;;;;;;;;;;;;;;;;;10;5008038O5008050O;2,000;Ri1_ist_VonNK;236;4.751;2;2;;;;;;;;;;;;;;;;;Datenprobleme in 2022;
5208;5629;AD St.Augustin (O);5;NW;A;560;;8+1;Hennef (Sieg);AS Sankt Augustin;O;AD St. Aug.-W. (A59);AD Dreieck Sankt Augustin-West (A59);W;5;0,1;235;142;58;35;92.183;43.873;48.310;98.865;47.295;51.570;91.856;43.411;48.444;67.616;31.659;35.957;+5,6;+5,8;+1,1;+12,9;;;;;;;;;;;;;;;;;;;;;0,93;0,73;1,03;5.196;;1.131;;5.645;;3.848;;;;;;;;;;;;;;;;;;;D;D;A;B;B;D;8;16;B;8;;D;8;16;B;8;;C;;;B;8;;A;;;D;14;;C;15;;C;14;;;;;;;;;;;;;;;;;;;;;;;;;;;;;;;;;;;;;;369.707;5.628.472;100.042;47.784;52.257;;;;82.920;39.248;43.672;;;;;;;;;;;;;;;;;;;;101.226;48.500;52.725;;;;;;;50,79332969;7,15130892;4.099;4.624;9,3;9,6;;;;;8,5;8,8;49.781;53.742;0,75;0,70;0,95;0,97;1,02;1,03;0,90;0,82;;;;;;;;;;;;;10;5208016A5209051A;0,316;Ri1_ist_NachNK;3.358;1.490;2;3;;;;;;;;;;;;;;;;;Keine SV-Auswertung in 2022 / Fehlerhafte Fahrzeugartenanalyse in 2022;
5209;5630;AK BN-Siegburg (O);5;NW;A;560;;8+1;Hennef (Sieg);AS Hennef (Sieg)-West;O;AD St. Aug.-W. (A59);AK Kreuz Bonn/Siegburg (A3);W;4;8,2;;;;;;;;;;;;;;;;;;;;;;;;;;;;;;;;;;;;;;;;;;;;;;;;;;;;;;;;;;;;;;;;;;;;;;;;;;;;;;;;;;;;;;;;;;;;;;;;;;;;;;;;;;;;;;;;;;;;;;;;;;;;;;;;;;;;;;;;;;;;376.442;5.626.340;;;;;;;;;;;;;;;;;;;;;;;;;;;;;;;;;;;;;;50,77564304;7,24752961;;;;;;;;;;;;;;;;;;;;;;;;;;;;;;;;;30;5209066A5209062A;0,509;Ri1_ist_NachNK;2.741;2.940;2;2;;;;;;;;;;;;;;;;;Datenprobleme in 2022;
5209;5632;AK BN-Siegburg (W);5;NW;A;560;;8+1;Hennef (Sieg);AK Kreuz Bonn/Siegburg (A3);O;AD St. Aug.-W. (A59);AS Niederpleis;W;4;6,7;;;;;;;;;;;;;;;;;;;;;;;;;;;;;;;;;;;;;;;;;;;;;;;;;;;;;;;;;;;;;;;;;;;;;;;;;;;;;;;;;;;;;;;;;;;;;;;;;;;;;;;;;;;;;;;;;;;;;;;;;;;;;;;;;;;;;;;;;;;;375.393;5.626.467;;;;;;;;;;;;;;;;;;;;;;;;;;;;;;;;;;;;;;50,77655677;7,23262237;;;;;;;;;;;;;;;;;;;;;;;;;;;;;;;;;20;5209065A5209066A;0,413;Ri1_ist_NachNK;1.956;2.688;2;2;;;;;;;;;;;;;;;;;Datenprobleme in 2022;
5209;5051;Hennef;5;NW;A;560;;8+1;Altenkirchen (B8);AS Hennef (Sieg)-Ost;O;Hennef (Sieg);AS Hennef (Sieg)-West;W;4;11,6;287;194;45;48;41.152;20.038;21.114;44.826;21.856;22.971;41.011;20.044;20.967;27.592;13.237;14.355;+4,4;+4,6;+1,5;+9,2;1.800;886;914;2.217;1.090;1.126;1.887;930;957;133;64;69;-4,9;-4,7;-5,8;+3,2;4,4;4,9;4,6;0,5;0,91;0,65;1,01;2.363;4,1;417;6,9;2.616;4,7;1.605;1,3;;;;;;;;;;;;;;;;;;E;E;A;B;B;F;17;;A;8;;F;17;;A;8;;E;16;;A;8;;D;15;;D;13;;C;15;;D;18;;94,3;9,3;0,6;1,2;1,8;2,4;1,8;0,1;0,2;93,8;9,9;0,5;1,1;2,1;2,7;2,0;0,2;0,2;93,9;9,3;0,8;1,3;2,0;2,6;1,9;0,1;0,2;98,4;5,2;1,4;1,0;0,2;0,2;0,2;0,1;0,2;379.842;5.626.506;45.594;22.193;23.402;2.488;1.224;1.264;35.528;17.574;17.954;421;208;213;;;;;;;;;;;;;;;;;46.359;22.559;23.800;2.540;1.250;1.291;5,5;5,5;5,4;50,77784762;7,29568681;2.485;3.043;12,4;14,4;2,2;3,0;1,4;1,5;11,0;12,8;22.743;24.327;0,63;0,66;0,98;0,97;1,00;1,02;0,81;0,77;2.475;58;66;17;1.574;8;13;10;387;11;18;1;40;5209062A5209061A;2,200;Ri1_ist_NachNK;3.230;1.367;2;2;3.190;3,6;0,29;339.993;3.291;3,6;0,29;348.111;32;371;482;359;26;390;498;370;;
5208;5055;AK Bonn Ost (W);5;NW;A;562;;8+1;Kreuz Bonn-Ost (A59);AK Kreuz Bonn-Ost (A59/B42);O;Bonn-Zentrum;AS Bonn-Ramersdorf;W;6;16,7;;;;;;;;;;;;;;;;;;;;;;;;;;;;;;;;;;;;;;;;;;;;;;;;;;;;;;;;;;;;;;;;;;;;;;;;;;;;;;;;;;;;;;;;;;;;;;;;;;;;;;;;;;;;;;;;;;;;;;;;;;;;;;;;;;;;;;;;;;;;369.871;5.620.640;;;;;;;;;;;;;;;;;;;;;;;;;;;;;;;;;;;;;;50,72297017;7,15639558;;;;;;;;;;;;;;;;;;;;;;;;;;;;;;;;;10;5208072A5208073A;0,689;Ri1_ist_NachNK;3.445;1.583;3;3;;;;;;;;;;;;;;;;;Datenprobleme in 2022;
5208;5626;AK Bonn-Ost (O);5;NW;A;562;;8+1;Niederholtorf, K8;Anschluß (Oberkasseler Straße);O;AK Bonn-Ost (A59);AK Kreuz Bonn-Ost (A59/B42);W;4;17,2;;;;;;;;;;;;;;;;;;;;;;;;;;;;;;;;;;;;;;;;;;;;;;;;;;;;;;;;;;;;;;;;;;;;;;;;;;;;;;;;;;;;;;;;;;;;;;;;;;;;;;;;;;;;;;;;;;;;;;;;;;;;;;;;;;;;;;;;;;;;370.465;5.620.983;;;;;;;;;;;;;;;;;;;;;;;;;;;;;;;;;;;;;;50,72618939;7,16469062;;;;;;;;;;;;;;;;;;;;;;;;;;;;;;;;;20;5208073A5208073X;0,183;Ri1_ist_NachNK;3.445;1.583;2;2;;;;;;;;;;;;;;;;;Baustelle in 2022;
5208;5634;AD Bonn-Beuel (W);5;NW;A;565;;8+1;AD Bonn-Beuel (A59);AD Dreieck Beuel (A59);N;Meckenheim;AS Bonn-Beuel-Nord;S;5;0,5;266;174;55;37;93.500;47.022;46.478;100.060;50.294;49.766;93.473;46.973;46.500;69.016;34.855;34.161;+4,1;+5,0;-0,8;+8,3;7.472;3.784;3.688;8.962;4.537;4.424;7.970;4.026;3.944;1.285;666;619;-1,6;-1,4;-2,6;+0,6;8,0;9,0;8,5;1,9;0,93;0,69;1,00;5.321;7,3;1.046;15,4;5.816;7,9;3.835;4,5;;;;;;;;;;;;;;;;;;D;D;A;B;B;D;8;16;D;8;17;D;8;16;D;8;17;C;;;B;8;;D;15;;D;15;;C;15;;D;18;;90,7;8,6;0,5;0,8;2,9;4,9;4,0;0,2;0,5;89,7;9,0;0,4;0,8;3,2;5,6;4,5;0,2;0,5;90,1;8,9;0,6;0,9;3,1;5,3;4,3;0,2;0,5;96,9;5,7;0,8;0,8;0,9;0,8;0,7;0,2;0,4;367.936;5.625.319;102.066;51.284;50.783;9.900;5.007;4.893;80.710;40.645;40.065;2.965;1.515;1.450;;;;;;;;;;;;;;;;;103.239;51.899;51.340;10.038;5.080;4.958;9,7;9,8;9,7;50,76458785;7,12732695;4.130;4.169;8,8;9,0;7,1;7,7;4,3;4,1;8,0;8,1;53.079;53.023;0,71;0,68;0,95;0,98;0,98;1,01;0,79;0,78;5.325;197;261;33;3.645;54;117;20;881;37;124;4;20;5208017F5208019O;0,503;Ri1_ist_VonNK;777;2.668;2;3;14.406;3,81;0,3;1.594.153;13.906;3,77;0,3;1.374.946;87;1.345;2.352;1.900;85;1.363;2.240;1.812;;
5308;5013;Meckenheim-Merl;5;NW;A;565;;8+1;Bonn;AS Meckenheim-Nord;N;Meckenheim;AS Meckenheim-Merl;S;4;19,5;214;154;25;35;36.238;18.745;17.493;37.503;19.124;18.379;36.154;18.889;17.265;31.611;17.148;14.463;-9,5;-6,1;-19,0;-8,5;4.662;2.421;2.241;5.614;2.898;2.716;4.837;2.551;2.286;888;478;411;-23,1;-19,8;-33,0;-19,6;12,9;15,0;13,4;2,8;0,96;0,87;1,06;2.050;11,0;430;30,4;2.252;11,4;1.443;9,3;;;;;;;;;;;;;;;;;;D;D;B;B;B;B;8;;E;17;;B;8;;E;17;;B;8;;E;15;;E;18;;C;11;13;G;18;;E;13;;85,9;9,0;0,5;1,2;2,7;10,0;8,0;0,1;0,0;83,9;9,5;0,4;1,1;3,1;11,8;9,4;0,1;0,0;85,3;9,1;0,6;1,3;2,9;10,4;8,3;0,1;0,0;95,8;6,6;1,1;1,4;1,0;1,6;1,4;0,1;0,0;362.501;5.611.363;38.082;19.533;18.549;6.140;3.177;2.963;32.726;16.799;15.926;1.927;1.036;891;;;;;;;;;;;;;;;;;38.326;19.541;18.785;6.267;3.227;3.040;16,4;16,5;16,2;50,63789564;7,05549241;1.943;1.799;10,4;10,3;10,3;8,4;7,6;5,8;9,9;9,6;20.007;18.799;0,91;0,83;0,97;0,98;1,03;1,10;0,87;0,89;1.982;69;188;13;1.302;23;111;7;299;15;115;1;10;5308033A5308016A;1,531;Ri1_ist_VonNK;4.047;1.182;2;2;10.269;4,24;0,32;1.212.089;9.353;4,17;0,32;1.091.957;21;487;1.912;1.541;24;504;1.714;1.353;;
